"","x"
"1","MAT2A"
"2","ING4"
"3","ABO"
"4","AC009237.8"
"5","FOSL1"
"6","AC156455.1"
"7","GTF2IRD2B"
"8","GRB10"
"9","GSDMD"
"10","RP11-284F21.10"
"11","MID1"
"12","TP53INP2"
"13","HYAL1"
"14","NEO1"
"15","KRT43P"
"16","XRCC2"
"17","RNF125"
"18","LRP2BP"
"19","RP11-1299A16.3"
"20","LINC00640"
"21","CTB-55O6.8"
"22","STMN3"
"23","TERT"
"24","RP11-147L13.11"
"25","SLC22A23"
"26","RP11-1055B8.4"
"27","SNHG4"
"28","JMJD6"
"29","BCCIP"
"30","LINC01411"
"31","LINC00941"
"32","C20orf195"
"33","LINC00973"
"34","PHC2"
"35","BCL2L11"
"36","HOXA-AS2"
"37","ZNF92"
"38","RP11-212P7.2"
"39","HRAT92"
"40","SERPINE2"
"41","AC009502.4"
"42","TRHDE-AS1"
"43","ZC4H2"
"44","PRSS30P"
"45","CKS2"
"46","HTR7P1"
"47","MLH3"
"48","ZBTB22"
"49","MMACHC"
"50","KIAA1549"
"51","RAD51-AS1"
"52","ZFP36L1"
"53","LIF"
"54","RP11-479G22.8"
"55","PNRC1"
"56","SLC1A5"
"57","ZNF708"
"58","RP11-147L13.15"
"59","PAOX"
"60","C11orf68"
"61","ADM2"
"62","PLEK2"
"63","MAMDC4"
"64","B3GNT9"
"65","GALNT9"
"66","EDRF1"
"67","IGFBP3"
"68","ZMYND11"
"69","BAIAP2-AS1"
"70","NR2F2"
"71","CYB5R2"
"72","RP4-614O4.13"
"73","SH3PXD2A-AS1"
"74","CTPS2"
"75","KB-1615E4.2"
"76","GBAS"
"77","DLGAP1"
"78","RP11-1020A11.2"
"79","MYPOP"
"80","ZNF646"
"81","LETM2"
"82","GRTP1"
"83","LINC-PINT"
"84","PRKD3"
"85","CRLF3"
"86","TUBGCP5"
"87","ZBTB5"
"88","RP4-794I6.4"
"89","IER3"
"90","ZNF623"
"91","PDE7B"
"92","TAF2"
"93","OXSM"
"94","RP11-1148L6.5"
"95","HLTF"
"96","SNHG8"
"97","KIAA1462"
"98","KDM5B"
"99","TPCN1"
"100","MUS81"
"101","KIAA0907"
"102","NR5A1"
"103","KB-1615E4.3"
"104","SRSF1"
"105","CCDC30"
"106","ICAM5"
"107","ERCC1"
"108","TBX1"
"109","NCOA2"
"110","AC009299.3"
"111","ZNF207"
"112","KREMEN2"
"113","CHD9"
"114","ARID4B"
"115","PATZ1"
"116","TNKS2"
"117","GPM6A"
"118","TMOD2"
"119","TOP1MT"
"120","SNORD39"
"121","ZSCAN16"
"122","SNHG20"
"123","AGGF1P2"
"124","GGPS1"
"125","MORN4"
"126","CTD-2026K11.6"
"127","CMB9-22P13.1"
"128","TMEM69"
"129","CHAC2"
"130","CCBL1"
"131","CYTH4"
"132","ZDHHC13"
"133","RP11-190A12.8"
"134","MNT"
"135","PPM1F"
"136","AKNAD1"
"137","GALNT7"
"138","C22orf23"
"139","STAG3L3"
"140","RP11-147L13.12"
"141","SH2B3"
"142","MED9"
"143","FAM136A"
"144","RP11-677M24.1"
"145","AC005076.5"
"146","CTGF"
"147","IRGQ"
"148","LINC00847"
"149","ZEB1-AS1"
"150","PDXDC2P"
"151","RBM43"
"152","PLPP6"
"153","KLK4"
"154","ASPHD1"
"155","ITGA9-AS1"
"156","PSMG3"
"157","SLCO4A1-AS1"
"158","DDIT3"
"159","IFT81"
"160","FEM1C"
"161","TRAF2"
"162","FAM126A"
"163","RGS17"
"164","HOXB6"
"165","DGKH"
"166","CRTC2"
"167","TRAF1"
"168","RP11-486G15.2"
"169","GTF2IRD2"
"170","NUDCD2"
"171","LUCAT1"
"172","RP11-440D17.4"
"173","HOXB9"
"174","TMEM255B"
"175","KIAA1614"
"176","CTD-2649C14.2"
"177","CTD-2006H14.2"
"178","ENDOV"
"179","COMMD3"
"180","CUTC"
"181","RP11-710M11.1"
"182","RP11-1275H24.1"
"183","CTC-459F4.1"
"184","PROSER1"
"185","AQP11"
"186","AC079807.2"
"187","PAEP"
"188","RP11-356J5.12"
"189","KB-1991G8.1"
"190","MINCR"
"191","LINC01024"
"192","RP11-983P16.4"
"193","LINC00920"
"194","AC004967.7"
"195","TSTD1"
"196","EZH1"
"197","VMP1"
"198","ZC3H12A"
"199","SNHG3"
"200","SLC25A40"
"201","MOB3B"
"202","RP11-93B14.4"
"203","RP11-563N4.1"
"204","RP11-67L2.2"
"205","RNU6-118P"
"206","PUM2"
"207","TEFM"
"208","RNASEH2C"
"209","TSPEAR"
"210","CTC-559E9.5"
"211","ADIRF-AS1"
"212","TMEM243"
"213","GPM6B"
"214","SNHG1"
"215","CCDC102B"
"216","RP1-244F24.1"
"217","RBM12B"
"218","KHDRBS1"
"219","ZNF500"
"220","GPNMB"
"221","TRMT61B"
"222","WFDC9"
"223","AGBL3"
"224","LYPD5"
"225","CTC-559E9.1"
"226","FBXL20"
"227","KIF5A"
"228","NKILA"
"229","C9orf172"
"230","SNRNP25"
"231","TBP"
"232","AC000089.3"
"233","HIST1H2BN"
"234","CCT6P3"
"235","CTC-203F4.2"
"236","AP001412.1"
"237","RP11-370I10.12"
"238","EPPK1"
"239","ZCWPW2"
"240","ARID1B"
"241","ALAD"
"242","LCMT2"
"243","TACC2"
"244","FAM114A2"
"245","DDTL"
"246","RP3-406P24.3"
"247","AP3M2"
"248","RP11-380J14.1"
"249","RP11-806H10.4"
"250","LINC00239"
"251","ZER1"
"252","RP4-799D16.1"
"253","SNHG10"
"254","RP11-111M22.3"
"255","DUSP28"
"256","SLC2A4"
"257","ASB16"
"258","STMN1P1"
"259","RP5-1120P11.1"
"260","SIRT2"
"261","MBD2"
"262","RP11-295D4.5"
"263","PFKFB2"
"264","ACP7"
"265","RP11-120M18.2"
"266","ARID5A"
"267","PEX3"
"268","RP11-426C22.8"
"269","AC137932.6"
"270","TSPEAR-AS2"
"271","RP11-69M1.6"
"272","VAMP1"
"273","CTNS"
"274","BTF3P7"
"275","AC007405.4"
"276","TPCN2"
"277","SPRYD4"
"278","KPNB1"
"279","CTD-2021J15.1"
"280","CTD-2553L13.10"
"281","RP11-422P24.10"
"282","RP11-65I12.1"
"283","TRMT61A"
"284","RP11-10N23.2"
"285","ZNF286A"
"286","TAPBPL"
"287","GABARAPL2"
"288","AC141928.1"
"289","DOK1"
"290","MRPL57"
"291","AC093323.3"
"292","BCL2L12"
"293","PRR14L"
"294","CYTH3"
"295","RP5-1125A11.7"
"296","CTC-435M10.12"
"297","RP11-367H1.1"
"298","RP11-796E2.4"
"299","C18orf32"
"300","SRRM2-AS1"
"301","RP11-435I10.3"
"302","CTD-2622I13.3"
"303","SLC25A42"
"304","AC104667.3"
"305","MIR23B"
"306","RASSF1"
"307","RP6-99M1.1"
"308","AKAP8L"
"309","ZNF776"
"310","LINC01060"
"311","SOGA1"
"312","RP11-431K24.2"
"313","TMEM147-AS1"
"314","C14orf142"
"315","ATP11A"
"316","RP11-731C17.2"
"317","C19orf53"
"318","SNRPA"
"319","GPR3"
"320","RBM26-AS1"
"321","WDR31"
"322","AC006946.17"
"323","RP11-464F9.20"
"324","CTD-2104P17.1"
"325","NKAPP1"
"326","MORF4L2"
"327","ARHGEF11"
"328","TPTE2P1"
"329","RP11-660L16.2"
"330","KMT2A"
"331","CCBL2"
"332","TMEM18"
"333","GALNS"
"334","PIM2"
"335","SFR1"
"336","CTD-2619J13.14"
"337","EMX1"
"338","RP1-118J21.25"
"339","ELMOD3"
"340","PSMG3-AS1"
"341","FERMT1"
"342","AF146191.4"
"343","LINC01481"
"344","RP3-449O17.1"
"345","SYNRG"
"346","RP1-34B20.21"
"347","IER2"
"348","LBX2-AS1"
"349","LA16c-325D7.1"
"350","PDDC1"
"351","KCNC4"
"352","GEMIN8"
"353","RP11-167N5.5"
"354","ACTR5"
"355","RP11-1277A3.2"
"356","PARP11"
"357","SPATA2L"
"358","FLJ20021"
"359","PHOSPHO2"
"360","TRAK2"
"361","STK32C"
"362","SLC16A13"
"363","MCM9"
"364","NUTM2A-AS1"
"365","VPS37A"
"366","MAP4K3"
"367","PADI3"
"368","PLEKHA8P1"
"369","RNF165"
"370","ZNF236"
"371","PXN-AS1"
"372","FOXD2-AS1"
"373","KIAA1586"
"374","MEFV"
"375","LINC00909"
"376","CYSRT1"
"377","RP11-142E9.1"
"378","KLF3-AS1"
"379","TMEM120B"
"380","RNU4-39P"
"381","PSMG2"
"382","RP3-508I15.21"
"383","USP6"
"384","PYGO2"
"385","STX1B"
"386","AKAP9"
"387","LINC01089"
"388","RP11-10A14.4"
"389","CTD-2201E18.3"
"390","HMGN3-AS1"
"391","ECH1"
"392","RP11-147L13.2"
"393","KIAA0319L"
"394","CTA-363E6.3"
"395","RP11-285A1.1"
"396","EID1"
"397","CTB-175E5.7"
"398","RP11-1017G21.6"
"399","CTD-2194D22.3"
"400","MIER3"
"401","RPARP-AS1"
"402","TTC37"
"403","PRKAB2"
"404","PSMC1P7"
"405","CDHR2"
"406","SHH"
"407","HINFP"
"408","MARCH5"
"409","TMEM55B"
"410","CLIP1"
"411","ATP8B2"
"412","RP3-395M20.12"
"413","ATXN7L3B"
"414","L3MBTL2"
"415","RP11-159N11.4"
"416","IPO5P1"
"417","RP11-16E12.2"
"418","S1PR4"
"419","ATRX"
"420","CEP89"
"421","PIGC"
"422","PCDHB13"
"423","KIF1B"
"424","RIBC2"
"425","AC010504.2"
"426","RP11-392P7.6"
"427","CHN2"
"428","BICD1"
"429","OTUD6B-AS1"
"430","LINC01315"
"431","TINF2"
"432","CTD-2528L19.6"
"433","AC064850.4"
"434","TMEM145"
"435","KCNIP2"
"436","PSMG4"
"437","CTA-941F9.10"
"438","TRAPPC4"
"439","RP11-523H20.3"
"440","BIRC6"
"441","RP3-425C14.5"
"442","ZNF843"
"443","RP5-1112D6.4"
"444","RP11-164P12.3"
"445","MIR193BHG"
"446","TTLL13P"
"447","HOXA13"
"448","CFL2"
"449","CEP295"
"450","AC129492.6"
"451","IQCG"
"452","ZDHHC16"
"453","SCN3B"
"454","RNVU1-3"
"455","DANCR"
"456","RP11-221N13.3"
"457","ARAP2"
"458","GRINA"
"459","CAMKK1"
"460","OBSL1"
"461","RBM4"
"462","KB-1836B5.4"
"463","DENND5B-AS1"
"464","RP11-752G15.8"
"465","RP11-480A16.1"
"466","CTD-2026D20.3"
"467","TOB1-AS1"
"468","ZNF169"
"469","CALM2P2"
"470","PDE1B"
"471","C8orf44"
"472","CRYBB2"
"473","RP11-84G21.1"
"474","DKFZP434I0714"
"475","GRIP1"
"476","RP11-484L8.1"
"477","LYG2"
"478","TRIO"
"479","AURKAPS1"
"480","AP001258.4"
"481","CTD-2129N1.1"
"482","RP4-758J24.6"
"483","MLF2"
"484","RP11-649A18.3"
"485","PRDM2"
"486","TTC19"
"487","ALPK3"
"488","PIK3IP1"
"489","C1orf132"
"490","CPEB1"
"491","AC007255.8"
"492","OR2A7"
"493","RP11-133N21.7"
"494","HCN3"
"495","RP11-353N14.4"
"496","RP11-770J1.4"
"497","AKAP17A"
"498","PANK4"
"499","RP11-33O4.2"
"500","RP6-114E22.1"
"501","AC009237.11"
"502","ARFIP2"
"503","AL022393.9"
"504","RP11-214N9.1"
"505","DPM3"
"506","SSTR2"
"507","ZFYVE27"
"508","AC007191.4"
"509","RFC2"
"510","RP11-252A24.2"
"511","SEPSECS-AS1"
"512","SLC6A12"
"513","NCOA1"
"514","ACSBG2"
"515","LANCL1"
"516","RP13-131K19.2"
"517","EP300"
"518","GHDC"
"519","AP5B1"
"520","RP1-167A14.2"
"521","KB-226F1.2"
"522","MIR6835"
"523","RP11-734K2.4"
"524","MIR5689HG"
"525","C6orf226"
"526","SPCS1"
"527","RP11-108P20.2"
"528","CTD-2201E18.5"
"529","MX1"
"530","RP11-7F17.8"
"531","FAM120B"
"532","RP11-468E2.10"
"533","AP1AR"
"534","RBM27"
"535","AC106875.1"
"536","TFB1M"
"537","RP11-575F12.3"
"538","NPFFR1"
"539","RP11-214K3.18"
"540","RP11-46F15.2"
"541","SEC14L2"
"542","FGF3"
"543","NUTM2B-AS1"
"544","RP11-15H20.6"
"545","RP11-738B7.1"
"546","RP11-173M1.5"
"547","FLVCR1-AS1"
"548","TMEM115"
"549","SENP2"
"550","GLRX"
"551","RBM4B"
"552","CTC-529P8.1"
"553","ZSCAN29"
"554","LINC00649"
"555","CTC-329D1.2"
"556","TPGS2"
"557","RNU4ATAC18P"
"558","RP11-353N4.6"
"559","LINC00659"
"560","ZNF791"
"561","RP6-99M1.3"
"562","ST3GAL4-AS1"
"563","ANXA4"
"564","FTH1P3"
"565","UBAC1"
"566","SPHK1"
"567","RP3-465N24.5"
"568","ARHGAP32"
"569","ORMDL3"
"570","NEAT1"
"571","RCHY1"
"572","ZNF506"
"573","CHI3L1"
"574","RP11-773H22.4"
"575","SGCB"
"576","RP11-163E9.1"
"577","MRFAP1L1"
"578","EP400NL"
"579","CH17-472G23.2"
"580","CCDC13"
"581","AC010226.4"
"582","RP5-827C21.6"
"583","CHAD"
"584","RP5-1056L3.3"
"585","NRM"
"586","RP11-455O6.9"
"587","OSMR-AS1"
"588","DEGS1"
"589","ZNF302"
"590","RNASEH1-AS1"
"591","CLEC16A"
"592","NAT6"
"593","HOMEZ"
"594","FBXO3"
"595","SLC25A21-AS1"
"596","RP11-191L17.1"
"597","TMEM158"
"598","DAGLA"
"599","AC241585.2"
"600","AFAP1L2"
"601","SPDYE3"
"602","FRMD6-AS1"
"603","TMEM14B"
"604","RP4-798A10.7"
"605","C15orf65"
"606","TMEM251"
"607","AC092415.1"
"608","RP11-442N24__B.1"
"609","RP11-87H9.4"
"610","RP11-295D4.4"
"611","RP11-216L13.21"
"612","CHD2"
"613","RP4-539M6.22"
"614","PPP6R3"
"615","MAN1B1-AS1"
"616","UBR5"
"617","FOXA1"
"618","SEMA6A-AS1"
"619","ATF4"
"620","RP11-495P10.10"
"621","RP11-15E1.5"
"622","CTD-3193O13.1"
"623","RP5-901A4.1"
"624","RP11-440L14.1"
"625","HYMAI"
"626","RP11-560J1.2"
"627","MIPEPP3"
"628","NAT16"
"629","C2CD3"
"630","C21orf62-AS1"
"631","CTD-2336O2.1"
"632","LRIF1"
"633","RP11-73K9.2"
"634","BTNL9"
"635","UPF3AP3"
"636","PTDSS2"
"637","PTRH1"
"638","CTA-215D11.4"
"639","ST20-AS1"
"640","CENPM"
"641","ABHD14A"
"642","SRPK3"
"643","ZNF37A"
"644","IFITM4P"
"645","RP11-355O1.11"
"646","RP11-1020A11.1"
"647","H1FX"
"648","RP4-591C20.9"
"649","CTD-2260A17.2"
"650","RP11-15B17.4"
"651","TRMT112"
"652","APOD"
"653","DNAJC24"
"654","MIR4477B"
"655","RP11-4B16.4"
"656","AC005237.4"
"657","RP11-219B4.3"
"658","CLN5"
"659","HAAO"
"660","CCR7"
"661","RP11-21L23.3"
"662","AC092171.2"
"663","RP11-219A15.5"
"664","RPUSD3"
"665","AC131056.3"
"666","FIGNL2"
"667","EBF2"
"668","RP11-195C7.1"
"669","ARSK"
"670","RP11-699L21.1"
"671","CTD-2540F13.2"
"672","C17orf82"
"673","SPATA5L1"
"674","RNA5SP283"
"675","RP11-10J18.3"
"676","TRIM10"
"677","AC004980.7"
"678","RP1-80N2.3"
"679","XXbac-BPG181B23.7"
"680","FBXO17"
"681","HOXA11-AS"
"682","ABL1"
"683","CD4"
"684","LIMD1-AS1"
"685","MYO9A"
"686","RP11-1094M14.11"
"687","CH507-528H12.1"
"688","EPG5"
"689","LATS1"
"690","MIR31"
"691","RP11-111M22.5"
"692","SMC5-AS1"
"693","CTD-2267D19.3"
"694","KCNH6"
"695","RP11-1275H24.3"
"696","KCTD7"
"697","AC093901.1"
"698","RP11-679C8.2"
"699","MMAA"
"700","AP001628.6"
"701","DHTKD1"
"702","ANKAR"
"703","CTAGE7P"
"704","FNDC3A"
"705","FAM98C"
"706","ZNF354B"
"707","RP11-430B1.1"
"708","CTC-351M12.1"
"709","C12orf73"
"710","RP11-533E19.7"
"711","RP11-347C18.3"
"712","PLRG1"
"713","RP3-329A5.8"
"714","RP11-20I20.4"
"715","ZNF227"
"716","RP11-285E9.6"
"717","TRMU"
"718","AC009506.1"
"719","MYO1B"
"720","DNM1P35"
"721","LINC01588"
"722","RP11-529F4.1"
"723","RP11-356B19.11"
"724","CLCN5"
"725","NAA35"
"726","RP11-1007O24.2"
"727","RP11-24M17.4"
"728","RP11-435O5.4"
"729","TSSC2"
"730","UBAP2"
"731","CFL1P1"
"732","LA16c-321D4.2"
"733","MBD4"
"734","RP4-584D14.6"
"735","C2orf15"
"736","ALG1L9P"
"737","OPRD1"
"738","RP11-15E18.1"
"739","PAPOLG"
"740","EMC3-AS1"
"741","RP11-310P5.1"
"742","AC091729.9"
"743","HLA-K"
"744","RP11-486M23.1"
"745","RP11-234B24.2"
"746","EIF2B2"
"747","LRRC71"
"748","PDE11A"
"749","RP11-367J11.3"
"750","RP11-165F24.5"
"751","RP5-1050D4.5"
"752","AC007285.6"
"753","AC011247.3"
"754","NRG4"
"755","RAB41"
"756","KANSL1L"
"757","RP11-843B15.4"
"758","RP11-138I1.3"
"759","RPP25L"
"760","ADGRF3"
"761","AC139530.1"
"762","LINC00998"
"763","RP11-1E4.1"
"764","DUSP5P1"
"765","RP11-968A15.2"
"766","CTA-384D8.35"
"767","CHD8"
"768","SDSL"
"769","RP11-44N22.3"
"770","RP11-498C9.4"
"771","AC013448.1"
"772","GPR68"
"773","THAP2"
"774","RP11-121L10.2"
"775","TNFAIP3"
"776","LINC01431"
"777","ZNF383"
"778","ZSWIM6"
"779","ASPRV1"
"780","MTG2"
"781","PGF"
"782","LINC00337"
"783","RP11-352M15.2"
"784","CTD-2231E14.2"
"785","KANK2"
"786","RP13-20L14.4"
"787","MIR5697"
"788","RP11-21K12.2"
"789","TMEM170A"
"790","RP11-295H24.5"
"791","CTD-3128G10.6"
"792","ARV1"
"793","RP11-170M17.1"
"794","STKLD1"
"795","AC011043.1"
"796","AC015849.2"
"797","HMGXB3"
"798","FUT8-AS1"
"799","MAGIX"
"800","RP11-467H10.1"
"801","HLCS"
"802","UFL1"
"803","RP11-670E13.6"
"804","FAM124A"
"805","ZNF343"
"806","RP3-467N11.1"
"807","COL13A1"
"808","RP11-727F15.12"
"809","PPCS"
"810","CTD-2319I12.4"
"811","RP5-1120P11.3"
"812","CDC14B"
"813","RP11-234K24.3"
"814","CFAP52"
"815","DGUOK-AS1"
"816","AC073635.5"
"817","PGP"
"818","AC005682.5"
"819","CTD-2342J14.6"
"820","AC009961.3"
"821","CTD-2024F21.1"
"822","AZIN1-AS1"
"823","RP11-274H2.3"
"824","RP4-785G19.2"
"825","AC003958.2"
"826","C7orf73"
"827","RP11-102G14.1"
"828","FAM92A1"
"829","RP11-933H2.4"
"830","GPR146"
"831","C9orf50"
"832","MIR1302-3"
"833","MIR570"
"834","RP11-1055B8.1"
"835","CREBBP"
"836","SNHG22"
"837","RP4-724E16.2"
"838","KAZALD1"
"839","MADCAM1"
"840","RP11-619I22.1"
"841","RPL12P42"
"842","ADAT1"
"843","SS18"
"844","RP11-394I13.2"
"845","RP11-464F9.22"
"846","RP11-923I11.5"
"847","RP11-77P6.2"
"848","RNF123"
"849","ZNF861P"
"850","DAPK3"
"851","AP000432.1"
"852","RP11-690D19.3"
"853","XXyac-YX65C7_A.2"
"854","ACBD6"
"855","ADAM12"
"856","UGDH-AS1"
"857","RP11-93B14.10"
"858","SPIN2B"
"859","TMEM17"
"860","TSEN34"
"861","TTC12"
"862","SLC22A4"
"863","REM2"
"864","CCDC38"
"865","CITF22-92A6.1"
"866","FARSA-AS1"
"867","RP11-245D16.4"
"868","BARD1"
"869","RP11-118K6.3"
"870","TRAPPC8"
"871","LINC00471"
"872","RP11-219B4.7"
"873","RTN4IP1"
"874","RP11-134G8.5"
"875","ZNF784"
"876","LL0XNC01-116E7.1"
"877","MIR222"
"878","ATP7A"
"879","TTC26"
"880","CNFN"
"881","MIR6747"
"882","AP001505.10"
"883","CTD-2371O3.3"
"884","RP13-977J11.2"
"885","S100A5"
"886","PMS2P7"
"887","RP11-159D12.6"
"888","RP11-1109F11.3"
"889","GS1-124K5.10"
"890","RP11-108L7.15"
"891","WFIKKN1"
"892","RP11-285J16.1"
"893","EIF2S2P3"
"894","TCEB3-AS1"
"895","C22orf46"
"896","CACNA1C"
"897","AC004987.9"
"898","RP5-1074L1.4"
"899","RP11-346C20.3"
"900","ZNF324"
"901","RP11-355B11.2"
"902","TAS2R18"
"903","TNNC2"
"904","SNHG21"
"905","CHMP4BP1"
"906","RP11-573M3.3"
"907","LA16c-325D7.2"
"908","ZNF747"
"909","CELSR3-AS1"
"910","TSPAN31"
"911","RP11-223I10.1"
"912","CTD-3214K23.1"
"913","RP11-138J23.1"
"914","AP000704.5"
"915","SPDYE21P"
"916","RP11-267M23.4"
"917","METTL23"
"918","CCDC174"
"919","MCM3AP-AS1"
"920","RP11-241I20.1"
"921","SUMO4"
"922","CCNB3"
"923","CD8A"
"924","C17orf53"
"925","RP11-141C7.5"
"926","MIR762HG"
"927","RP11-196G11.5"
"928","ARL17A"
"929","RP11-396C23.4"
"930","COPRS"
"931","RPS12P31"
"932","CITF22-92A6.2"
"933","CTC-428H11.2"
"934","ITPR1-AS1"
"935","FAHD1"
"936","TMEM60"
"937","LGALS7B"
"938","RP11-108K3.1"
"939","CTD-2587H24.10"
"940","KCNQ1OT1"
"941","RCBTB1"
"942","RP11-89K21.1"
"943","ATXN2"
"944","RP11-600F24.7"
"945","RP11-384K6.8"
"946","IQUB"
"947","ITGB2-AS1"
"948","CD101"
"949","PITHD1"
"950","RP13-516M14.2"
"951","RP11-567M16.6"
"952","USF3"
"953","ABCB1"
"954","ALOX12P2"
"955","PLEKHA6"
"956","APOM"
"957","SSU72"
"958","ATP5A1P7"
"959","RP11-159D12.11"
"960","TUBD1"
"961","C5"
"962","MIR4292"
"963","RP11-357H14.16"
"964","MCEE"
"965","MIATNB"
"966","AC006486.10"
"967","RP1-191J18.66"
"968","RP11-677M14.2"
"969","SMIM10L1"
"970","FIGF"
"971","ZNF263"
"972","MOGS"
"973","RP11-401F2.3"
"974","CTB-31O20.2"
"975","RP11-803P9.1"
"976","C1GALT1C1L"
"977","NFKBIZ"
"978","UXT-AS1"
"979","RP11-715J22.6"
"980","RP11-500G10.5"
"981","LOH12CR2"
"982","HOXC-AS1"
"983","RP3-453C12.14"
"984","AC009303.2"
"985","GAPDHS"
"986","ANXA9"
"987","PACERR"
"988","RPL7P50"
"989","RP11-373N22.3"
"990","RP11-458J1.1"
"991","RP11-365P13.5"
"992","AC073130.3"
"993","RP11-1000B6.5"
"994","OGG1"
"995","RP11-479O9.3"
"996","CTD-2246P4.1"
"997","ILF3-AS1"
"998","IKBIP"
"999","LINC01311"
"1000","DND1P1"
"1001","RP11-277B15.3"
"1002","DANT2"
"1003","RP11-434H6.7"
"1004","RP11-386G11.5"
"1005","U73166.2"
"1006","ORAOV1"
"1007","CTD-2526A2.2"
"1008","C21orf59"
"1009","MIR589"
"1010","RP13-317D12.3"
"1011","NUTF2"
"1012","KRT8P12"
"1013","RP11-162A12.2"
"1014","NXPH4"
"1015","SPARC"
"1016","STAM-AS1"
"1017","NCBP2-AS2"
"1018","RP11-422P24.12"
"1019","ZNF213-AS1"
"1020","RP11-90M2.5"
"1021","FAAP100"
"1022","SYNE2"
"1023","HOXC-AS2"
"1024","MMP24"
"1025","RP11-115J16.1"
"1026","RP11-468E2.11"
"1027","CTC-303L1.2"
"1028","CTD-2223O18.1"
"1029","HSD17B1"
"1030","SYNJ1"
"1031","RP11-874J12.4"
"1032","GLIPR1"
"1033","RP11-685G9.4"
"1034","RP11-1055B8.2"
"1035","RP11-218C14.8"
"1036","RP1-43E13.2"
"1037","CCND3"
"1038","RP11-1348G14.4"
"1039","AC133528.2"
"1040","WWC2-AS2"
"1041","RP11-77H9.2"
"1042","IL12RB2"
"1043","RP11-49I11.4"
"1044","RAD51"
"1045","AC092384.1"
"1046","KRT18P4"
"1047","KB-1440D3.13"
"1048","MYBPH"
"1049","HCG9"
"1050","RP11-727A23.10"
"1051","DAND5"
"1052","LINC00705"
"1053","ZNF778"
"1054","PNKD"
"1055","SLC45A1"
"1056","RPS7P10"
"1057","TBPL1"
"1058","ZFX"
"1059","CTD-2650P22.2"
"1060","ACOT8"
"1061","GTF3C3"
"1062","RP11-350N15.5"
"1063","AC009403.2"
"1064","EIF4E1B"
"1065","TMEM107"
"1066","HEATR4"
"1067","RP11-156E8.1"
"1068","CTC-281F24.1"
"1069","RP1-317E23.3"
"1070","ITIH2"
"1071","MTMR4"
"1072","RP11-81A22.4"
"1073","RP11-603J24.7"
"1074","RP11-131L23.1"
"1075","SEMA3F-AS1"
"1076","ARID1A"
"1077","ACSF3"
"1078","TM4SF19"
"1079","AC093673.5"
"1080","QPCTL"
"1081","RP11-303E16.3"
"1082","RP11-1029J19.4"
"1083","CTD-2555C10.3"
"1084","TAF9B"
"1085","PCNXL3"
"1086","CAMK2D"
"1087","SOS1"
"1088","RP11-727F15.13"
"1089","ZNF512"
"1090","FXYD7"
"1091","RNF144A"
"1092","RP3-406A7.7"
"1093","GLDC"
"1094","SAMD10"
"1095","LINC01126"
"1096","SLC16A5"
"1097","CTB-147C22.9"
"1098","LINC01179"
"1099","LEKR1"
"1100","HRH2"
"1101","LA16c-329F2.2"
"1102","RARA-AS1"
"1103","NUDT13"
"1104","RP11-1334A24.5"
"1105","RP11-31H5.3"
"1106","RP11-425D17.1"
"1107","HLA-L"
"1108","RP11-650P15.1"
"1109","SPATA25"
"1110","RPS7P3"
"1111","RP11-297D21.4"
"1112","ZNF174"
"1113","DNAJC30"
"1114","RP1-152L7.5"
"1115","TBX18-AS1"
"1116","RP11-531F16.4"
"1117","AF015262.2"
"1118","HLA-F-AS1"
"1119","ZNF580"
"1120","CTD-2192J16.26"
"1121","RP11-277P12.9"
"1122","ZNF487"
"1123","SMIM10L2B"
"1124","SEC14L4"
"1125","BOLA1"
"1126","RP11-50B3.4"
"1127","C10orf95"
"1128","RN7SL521P"
"1129","RP11-876N24.5"
"1130","HIST1H4H"
"1131","SLC25A41"
"1132","GRIK1"
"1133","RP11-314A20.1"
"1134","FAM120AOS"
"1135","RP6-109B7.4"
"1136","RP1-197B17.3"
"1137","RP11-1007O24.3"
"1138","C2orf82"
"1139","HSPA8P14"
"1140","RP11-635N19.1"
"1141","RP4-714D9.5"
"1142","AC073283.7"
"1143","RP11-635L1.2"
"1144","AIMP1P2"
"1145","PRR7"
"1146","HN1"
"1147","RP11-692D12.1"
"1148","KLF14"
"1149","AC068499.10"
"1150","CTD-3035K23.7"
"1151","RP11-544I20.2"
"1152","CTC-559E9.6"
"1153","AC004854.4"
"1154","RP11-88E10.5"
"1155","LA16c-431H6.6"
"1156","ORC4"
"1157","RP11-250B2.4"
"1158","PYM1"
"1159","AC006159.4"
"1160","PHF7"
"1161","RP11-521I2.3"
"1162","CLEC11A"
"1163","RP11-98I9.4"
"1164","ZNF346-IT1"
"1165","RP1-80N2.2"
"1166","LINC00944"
"1167","RP11-521D12.5"
"1168","KMT5B"
"1169","LINC01023"
"1170","EEF1GP5"
"1171","FRG1BP"
"1172","TSSK4"
"1173","TSTD3"
"1174","RP11-151A10.3"
"1175","CTD-2270P14.5"
"1176","GS1-279B7.2"
"1177","CYCSP10"
"1178","ZNF112"
"1179","DAAM2"
"1180","TRIM7"
"1181","STK24-AS1"
"1182","RAD54L2"
"1183","RP11-423H2.3"
"1184","KLHL2P1"
"1185","RPL3P4"
"1186","SOWAHD"
"1187","RP5-1186P10.2"
"1188","SPDYE18"
"1189","C19orf73"
"1190","RP11-343K8.3"
"1191","HNRNPA1P16"
"1192","RP11-345P4.9"
"1193","ZSCAN22"
"1194","SETX"
"1195","RP11-496H1.1"
"1196","CTD-2410N18.3"
"1197","CCDC15"
"1198","BCKDHA"
"1199","TMEM56"
"1200","VPS53"
"1201","RP11-29B2.6"
"1202","MMP23B"
"1203","RP11-10C24.3"
"1204","MAK"
"1205","NPM2"
"1206","ZNF319"
"1207","RP11-793H13.11"
"1208","RP11-199F11.2"
"1209","ISL1"
"1210","XXbac-BPG157A10.21"
"1211","NEK8"
"1212","CSTF3"
"1213","AC024937.4"
"1214","LINC01515"
"1215","RP11-839D17.3"
"1216","SCARNA13"
"1217","CATSPER2P1"
"1218","RP11-299G20.5"
"1219","DHRS11"
"1220","CTD-2256P15.2"
"1221","COBLL1"
"1222","TMEM138"
"1223","CCNI2"
"1224","RP11-638I2.4"
"1225","CTD-2227E11.1"
"1226","PCF11"
"1227","RP11-810P12.7"
"1228","DHRS13"
"1229","BORCS8"
"1230","C6orf48"
"1231","RP11-4K16.2"
"1232","LINC00271"
"1233","WDR63"
"1234","FLJ21408"
"1235","MED14"
"1236","LPIN2"
"1237","CTD-3001H11.2"
"1238","RP11-146F11.1"
"1239","KLHL7-AS1"
"1240","AC012146.7"
"1241","RP11-324I22.4"
"1242","CTD-3131K8.2"
"1243","LL22NC03-N14H11.1"
"1244","CTC-336P14.1"
"1245","CLDND2"
"1246","B4GAT1"
"1247","MIRLET7BHG"
"1248","TTC32"
"1249","CEBPZOS"
"1250","C17orf51"
"1251","AC055866.1"
"1252","NLGN1"
"1253","RP11-122G18.7"
"1254","RP11-206L10.9"
"1255","RP11-284M14.1"
"1256","C6orf141"
"1257","FAM127B"
"1258","RPL9P2"
"1259","SETDB2"
"1260","RP11-127B20.3"
"1261","CTD-2574D22.4"
"1262","AC004895.4"
"1263","RP11-539L10.2"
"1264","CXCL2"
"1265","RP11-154J22.1"
"1266","TNFSF13"
"1267","UPK1A-AS1"
"1268","ALG12"
"1269","RP11-14I17.3"
"1270","DUSP8P5"
"1271","KB-1980E6.3"
"1272","GLIS2-AS1"
"1273","ATXN2L"
"1274","ADAL"
"1275","AC012358.4"
"1276","LINC01534"
"1277","C15orf56"
"1278","AC099850.1"
"1279","RP11-861E21.1"
"1280","ZRANB2-AS1"
"1281","RP11-315O6.1"
"1282","TMEM129"
"1283","ZDHHC8P1"
"1284","RP11-478K15.6"
"1285","NDUFB4P8"
"1286","RNU2-51P"
"1287","FAM84B"
"1288","NCF1"
"1289","RP11-477I4.4"
"1290","RMI2"
"1291","CTA-223H9.9"
"1292","FSCN2"
"1293","RDM1"
"1294","RP11-379H18.1"
"1295","TNS3"
"1296","TMCO6"
"1297","PRR25"
"1298","SOX8"
"1299","DPM2"
"1300","RP11-403I13.8"
"1301","MAGEA8"
"1302","RP11-16E12.1"
"1303","PGPEP1"
"1304","AC005256.1"
"1305","COPS5"
"1306","MPZ"
"1307","RP11-431K24.1"
"1308","RP11-175D17.3"
"1309","TXNDC9"
"1310","SNAI3"
"1311","XXbac-BPG170G13.32"
"1312","TCP11L2"
"1313","MIB1"
"1314","TMEM222"
"1315","CTBP2P4"
"1316","MBIP"
"1317","RP11-13N13.5"
"1318","TTC9B"
"1319","GTF3C1"
"1320","RP11-239L20.6"
"1321","MKRN3"
"1322","RNF139-AS1"
"1323","NCK1-AS1"
"1324","RP6-109B7.2"
"1325","RP11-462B18.2"
"1326","RP11-872J21.5"
"1327","CEP72"
"1328","FAM200A"
"1329","PPFIA4"
"1330","METTL18"
"1331","DDX11L2"
"1332","AC079305.10"
"1333","ID1"
"1334","FRG1HP"
"1335","CTA-212D2.2"
"1336","CTD-2383M3.1"
"1337","VIPR2"
"1338","OLMALINC"
"1339","MIR181A2HG"
"1340","FAM21FP"
"1341","SPC25"
"1342","CPEB3"
"1343","HOXB2"
"1344","RP1-39G22.7"
"1345","AP4E1"
"1346","RP11-126K1.2"
"1347","STT3A-AS1"
"1348","CCDC122"
"1349","PCDHGA1"
"1350","RP11-564D11.3"
"1351","RP11-171I2.3"
"1352","NEBL-AS1"
"1353","CTD-3184A7.4"
"1354","OGFR-AS1"
"1355","ZBTB26"
"1356","RP3-333H23.8"
"1357","AC018641.7"
"1358","RPS27L"
"1359","NIPAL2"
"1360","RP11-156P1.3"
"1361","CMB9-55F22.1"
"1362","AC087294.2"
"1363","JKAMP"
"1364","RP1-111C20.4"
"1365","LRRC32"
"1366","RP5-882C2.2"
"1367","RP11-717A5.2"
"1368","C19orf25"
"1369","RP11-340E6.1"
"1370","CLGN"
"1371","FAM229B"
"1372","RP11-23J9.5"
"1373","C1orf204"
"1374","RP11-214K3.23"
"1375","RP11-69M1.4"
"1376","SLC35A5"
"1377","VWDE"
"1378","CTD-2012K14.7"
"1379","AC009948.7"
"1380","CTC-529I10.1"
"1381","RP11-837J7.3"
"1382","KAT8"
"1383","SPATA12"
"1384","ESYT1"
"1385","AL031587.1"
"1386","RP11-484D2.4"
"1387","STIM2"
"1388","RP11-248G5.9"
"1389","SOX12"
"1390","NID2"
"1391","AC004449.6"
"1392","ASH1L-AS1"
"1393","RP13-870H17.3"
"1394","YBEY"
"1395","RP11-876N24.3"
"1396","RP11-121A14.2"
"1397","RP11-139H15.5"
"1398","RP11-353N14.1"
"1399","RP11-476H16.1"
"1400","CRYZL1"
"1401","SUPT5H"
"1402","MSL3P1"
"1403","SLC35G2"
"1404","CCDC160"
"1405","ZWINT"
"1406","SYT15"
"1407","LINC01494"
"1408","SRP54-AS1"
"1409","ATP4A"
"1410","CD164L2"
"1411","RP11-697N18.4"
"1412","AC021218.2"
"1413","CTD-2007H13.3"
"1414","MTERF2"
"1415","RP11-1029J19.5"
"1416","USP9X"
"1417","RP11-758H9.2"
"1418","CTA-292E10.6"
"1419","AMPD2"
"1420","DENND6A"
"1421","RP11-321A17.6"
"1422","UBE2V1P1"
"1423","ACPT"
"1424","RP11-583F2.6"
"1425","RP11-299G20.2"
"1426","TOLLIP-AS1"
"1427","AC004383.3"
"1428","RP11-867G2.5"
"1429","AF196972.9"
"1430","KRT20"
"1431","AP1G1"
"1432","RP11-255E6.6"
"1433","H2AFX"
"1434","RP11-502I4.3"
"1435","RP11-1275H24.2"
"1436","UBE2R2-AS1"
"1437","KANK3"
"1438","RP11-575F12.1"
"1439","RP11-452L6.6"
"1440","CTD-2619J13.13"
"1441","U3"
"1442","ZBTB40"
"1443","TCTE3"
"1444","RP11-467L13.7"
"1445","RP11-251G23.2"
"1446","RP11-499E14.1"
"1447","RABIF"
"1448","LINC01003"
"1449","PMS2P2"
"1450","RP11-361M10.3"
"1451","INTS6-AS1"
"1452","AC093620.5"
"1453","CTA-292E10.8"
"1454","RP1-20B11.2"
"1455","AL109615.1"
"1456","GTF3C2"
"1457","SUGT1P"
"1458","SYP"
"1459","FRMD8"
"1460","RP11-304L19.13"
"1461","CTD-2561B21.11"
"1462","RP11-383C5.5"
"1463","BOLA3-AS1"
"1464","RP11-90H3.1"
"1465","OSCAR"
"1466","RP11-318E3.9"
"1467","NPC1L1"
"1468","RP11-347C12.10"
"1469","RP11-477D19.2"
"1470","C2orf44"
"1471","RP11-340I6.6"
"1472","RP11-758P17.3"
"1473","RP5-1086K13.1"
"1474","TTC31"
"1475","MIR200C"
"1476","REXO1"
"1477","RP1-315G1.3"
"1478","AP001469.9"
"1479","RP11-53O19.1"
"1480","RP11-571L19.8"
"1481","RP11-186B7.7"
"1482","OSBPL10-AS1"
"1483","HSD17B1P1"
"1484","LINC01273"
"1485","CTD-2583A14.11"
"1486","TRPC3"
"1487","GS1-124K5.11"
"1488","LINC01600"
"1489","KB-1440D3.14"
"1490","AC004076.5"
"1491","NFYA"
"1492","RP11-534L20.5"
"1493","LINC01397"
"1494","RP11-817I4.2"
"1495","SRR"
"1496","JAM2"
"1497","RP11-503P10.1"
"1498","RP11-649A18.4"
"1499","PRX"
"1500","SETD9"
"1501","ZNF524"
"1502","CTD-3065J16.9"
"1503","RP11-45P15.4"
"1504","TSC22D1-AS1"
"1505","RP3-412A9.17"
"1506","RP11-16E23.4"
"1507","ACVRL1"
"1508","DPF3"
"1509","ROM1"
"1510","TBC1D31"
"1511","CTB-60B18.18"
"1512","AC098820.4"
"1513","CTD-2270L9.4"
"1514","SDHAP1"
"1515","RP11-460N20.4"
"1516","C9orf163"
"1517","PLCB2"
"1518","FBXO18"
"1519","RP11-66B24.2"
"1520","TMC2"
"1521","CKB"
"1522","POMZP3"
"1523","SEPT1"
"1524","C21orf58"
"1525","UBR2"
"1526","RP1-151F17.1"
"1527","TRPS1"
"1528","GIT2"
"1529","DLGAP1-AS1"
"1530","MATN1-AS1"
"1531","RANBP3L"
"1532","LINC01186"
"1533","LL09NC01-139C3.1"
"1534","LENEP"
"1535","RP11-67L3.4"
"1536","BTD"
"1537","CTD-2666L21.1"
"1538","CTD-2049O4.1"
"1539","RP11-1277A3.3"
"1540","RP4-612B18.3"
"1541","RP11-22C11.2"
"1542","GPATCH2"
"1543","RP11-666A8.8"
"1544","LINC00115"
"1545","PCIF1"
"1546","CMC1"
"1547","RP1-92O14.3"
"1548","NYAP1"
"1549","FILIP1"
"1550","RP11-434D12.1"
"1551","DNAJC27-AS1"
"1552","RP11-467D6.1"
"1553","B3GNT8"
"1554","RPSAP9"
"1555","CBLC"
"1556","RP11-214K3.22"
"1557","GABPA"
"1558","SNAPC3"
"1559","RP11-121M22.1"
"1560","LINC00936"
"1561","ZNF691"
"1562","ATP6V1E2"
"1563","URM1"
"1564","FGGY"
"1565","RP11-8P13.5"
"1566","RP11-10C24.1"
"1567","GLTPD2"
"1568","SNHG12"
"1569","SGOL1-AS1"
"1570","CTC-273B12.10"
"1571","CTD-2012K14.5"
"1572","EXTL3-AS1"
"1573","RPL13AP25"
"1574","RP11-50I19.2"
"1575","RP5-965G21.3"
"1576","EFCAB10"
"1577","SLC16A11"
"1578","SPDYE12P"
"1579","RP11-792A8.4"
"1580","RP11-580I16.2"
"1581","RP11-395A13.2"
"1582","C3orf67"
"1583","PIGB"
"1584","SIL1"
"1585","RP11-629O1.2"
"1586","UPF3BP4"
"1587","RP11-351D16.3"
"1588","GNRHR2"
"1589","AC026202.3"
"1590","RP4-753P9.3"
"1591","RP11-381E24.4"
"1592","SPDYE19P"
"1593","RP11-6N17.3"
"1594","IBA57-AS1"
"1595","RNF32"
"1596","TAPT1"
"1597","SNHG7"
"1598","RP11-158I9.8"
"1599","EFCAB5"
"1600","TUBA8"
"1601","RP11-120K19.4"
"1602","RPL14P3"
"1603","RP1-86C11.7"
"1604","CDC37P1"
"1605","RP11-118F19.1"
"1606","HPCA"
"1607","GS1-124K5.12"
"1608","UBBP1"
"1609","ST7L"
"1610","RP13-638C3.5"
"1611","HAR1A"
"1612","RP11-74E22.3"
"1613","CTD-2319I12.2"
"1614","OVOL3"
"1615","ZNF552"
"1616","CTD-2547G23.4"
"1617","IFNAR2"
"1618","RP11-894J14.5"
"1619","RP3-486I3.7"
"1620","ENKUR"
"1621","RP3-461F17.3"
"1622","DNAJC3-AS1"
"1623","WNT10A"
"1624","ZNF414"
"1625","RAET1K"
"1626","CTD-2083E4.5"
"1627","SMPD2"
"1628","RP11-1348G14.8"
"1629","PRELID3A"
"1630","MED14OS"
"1631","CTD-2545G14.6"
"1632","ZNF668"
"1633","STARD7-AS1"
"1634","LINC00910"
"1635","CTD-2020K17.4"
"1636","AC005355.3"
"1637","LINC01138"
"1638","RP11-730B22.1"
"1639","RP11-393I2.4"
"1640","PRPH"
"1641","RP11-38L15.3"
"1642","PRORSD1P"
"1643","CHCHD1"
"1644","RAB18"
"1645","RPL31P52"
"1646","RP4-784A16.5"
"1647","RP11-489E7.4"
"1648","AC068831.10"
"1649","SLC24A2"
"1650","MIR210"
"1651","JMJD1C-AS1"
"1652","CASP16P"
"1653","RP4-539M6.21"
"1654","SIGLEC16"
"1655","STAG3L1"
"1656","RP11-411A19.5"
"1657","RP11-128N14.4"
"1658","PMS2P5"
"1659","ZBED5-AS1"
"1660","MAGEF1"
"1661","RP13-516M14.1"
"1662","TMEM249"
"1663","AC009302.2"
"1664","VAMP2"
"1665","UNKL"
"1666","RP11-632K20.6"
"1667","RP11-382D12.2"
"1668","VWA2"
"1669","SLC28A2"
"1670","CCDC127"
"1671","POU2F1"
"1672","RP11-619J20.1"
"1673","RP11-63G10.3"
"1674","SENP3-EIF4A1"
"1675","MORN1"
"1676","EPM2AIP1"
"1677","RP11-562A8.4"
"1678","RP11-230C9.2"
"1679","CTD-2630F21.1"
"1680","RP11-66N24.4"
"1681","LINC01372"
"1682","RP11-358N2.2"
"1683","HNRNPU-AS1"
"1684","FAM160B1"
"1685","RPL39P36"
"1686","ATP5S"
"1687","FAM86FP"
"1688","RP5-832C2.5"
"1689","RP4-758J18.2"
"1690","AC024560.3"
"1691","RP11-216N14.7"
"1692","RP11-135N5.3"
"1693","RP3-476K8.3"
"1694","SPDYE1"
"1695","NTF4"
"1696","RP11-875O11.1"
"1697","RP11-61K9.3"
"1698","ZBTB11-AS1"
"1699","RP11-216L13.19"
"1700","UPK1A"
"1701","LINC01063"
"1702","RP13-554M15.7"
"1703","CMPK1"
"1704","RP11-34P13.13"
"1705","TCAIM"
"1706","RP11-107N15.1"
"1707","RP11-455G16.1"
"1708","AC005740.6"
"1709","ANKUB1"
"1710","C11orf45"
"1711","AC100830.3"
"1712","PROB1"
"1713","RP11-182L21.6"
"1714","CAMKK2"
"1715","CTC-471F3.5"
"1716","MYL12AP1"
"1717","TMPRSS11CP"
"1718","AC005253.2"
"1719","BCL2L2"
"1720","RP11-467L13.5"
"1721","HCG20"
"1722","RP1-257A7.4"
"1723","AP000577.2"
"1724","KRT18P5"
"1725","RP11-114B7.6"
"1726","RP11-173M1.4"
"1727","AL591893.1"
"1728","RP11-203B9.4"
"1729","RP11-1000B6.8"
"1730","TRAIP"
"1731","RP11-206F17.2"
"1732","RP11-318A15.2"
"1733","ALOX12"
"1734","CTD-3222D19.8"
"1735","RP11-254F7.1"
"1736","RP11-764D10.2"
"1737","RP11-338O1.2"
"1738","RP4-758J18.13"
"1739","ARL14"
"1740","MPDU1"
"1741","CTB-134H23.3"
"1742","RAB11B-AS1"
"1743","TMEM99"
"1744","CTD-2583A14.8"
"1745","CTC-459F4.3"
"1746","AL592183.1"
"1747","RP11-179B2.2"
"1748","RP11-501C14.9"
"1749","LINC01424"
"1750","RP11-46C24.7"
"1751","DENND4C"
"1752","KIAA0141"
"1753","RP11-572O17.1"
"1754","RP11-817O13.9"
"1755","ZNF226"
"1756","RP11-352D13.6"
"1757","LINC00630"
"1758","CRYM-AS1"
"1759","HNRNPA3"
"1760","RP11-4K3__A.3"
"1761","RP11-1H8.5"
"1762","RP11-967K21.1"
"1763","RP11-307C12.12"
"1764","RP11-1348G14.1"
"1765","RP1-120G22.11"
"1766","IGF2BP2-AS1"
"1767","CCDC12"
"1768","CTD-2619J13.3"
"1769","PFN4"
"1770","CTD-2015H6.3"
"1771","DNPEP"
"1772","SNHG19"
"1773","PRR7-AS1"
"1774","RP3-388M5.9"
"1775","ABCB9"
"1776","DIO1"
"1777","RP11-855A2.3"
"1778","RP5-908M14.9"
"1779","RP11-651L5.3"
"1780","NSUN3"
"1781","FAM91A1"
"1782","SLC36A4"
"1783","FAM19A2"
"1784","RNA5SP18"
"1785","SLC25A5-AS1"
"1786","RP11-849H4.2"
"1787","RP11-727A23.5"
"1788","YAF2"
"1789","RP4-539M6.20"
"1790","RP11-334C17.3"
"1791","TRIOBP"
"1792","POLR2KP1"
"1793","RP11-259K5.2"
"1794","MIEF2"
"1795","RP11-341N2.1"
"1796","RP11-3K24.1"
"1797","MAPKAPK5-AS1"
"1798","IL9RP3"
"1799","B9D1"
"1800","RP11-231E4.5"
"1801","SEC24B-AS1"
"1802","SUDS3"
"1803","ZNF789"
"1804","KCTD21-AS1"
"1805","GRPEL2-AS1"
"1806","RP11-109N23.4"
"1807","ZNF462"
"1808","RP11-950C14.3"
"1809","NAT9"
"1810","CALY"
"1811","SEPT7-AS1"
"1812","LAMTOR5-AS1"
"1813","AHNAK2"
"1814","RP11-248M19.1"
"1815","FOXD4L3"
"1816","FAM179B"
"1817","TRIM17"
"1818","MAPK4"
"1819","RP4-753F5.1"
"1820","RP11-434P11.2"
"1821","KCTD11"
"1822","LINC00921"
"1823","AKAP10"
"1824","COX6CP2"
"1825","RP11-313P13.5"
"1826","CTB-113I20.2"
"1827","RP11-190C22.8"
"1828","GDPD2"
"1829","U91328.19"
"1830","PAQR4"
"1831","PUM1"
"1832","RP11-585P4.5"
"1833","RP11-445F12.1"
"1834","CTD-2555O16.2"
"1835","ZNF280A"
"1836","CTD-2537I9.15"
"1837","RP11-546B8.6"
"1838","PIPOX"
"1839","DPY19L2P3"
"1840","AC073130.1"
"1841","RP11-10N23.5"
"1842","RP11-16C1.1"
"1843","MTERF1"
"1844","SNORA65"
"1845","PARD3-AS1"
"1846","RP11-452K12.7"
"1847","GEMIN7"
"1848","TFP1"
"1849","POU5F1"
"1850","RNU6-1161P"
"1851","COPG2"
"1852","MIR4740"
"1853","PHACTR4"
"1854","RN7SL825P"
"1855","GALR3"
"1856","RP11-77K12.5"
"1857","BRAF"
"1858","RTCA-AS1"
"1859","C2CD4D"
"1860","CTC-338M12.5"
"1861","LINC00243"
"1862","GNB4"
"1863","PRCD"
"1864","RPL21P3"
"1865","RP11-960L18.1"
"1866","RP5-1057I20.6"
"1867","PARP16"
"1868","DERL1"
"1869","RP11-229P13.2"
"1870","PIGBOS1"
"1871","HIF1A-AS2"
"1872","RP11-672L10.6"
"1873","KLHL28"
"1874","RP11-388C12.8"
"1875","RP11-266L9.8"
"1876","OLFM5P"
"1877","DMC1"
"1878","RP11-195F19.5"
"1879","C20orf196"
"1880","YTHDF2"
"1881","AC092168.2"
"1882","RP11-304L19.12"
"1883","BORCS7"
"1884","TCAM1P"
"1885","RP4-612B15.3"
"1886","CTD-2349P21.10"
"1887","BX470102.3"
"1888","RP11-274A11.4"
"1889","SSSCA1-AS1"
"1890","CTD-2302E22.6"
"1891","ANKRD23"
"1892","RP11-166O4.6"
"1893","NAPRT"
"1894","RP11-385F7.1"
"1895","DDB2"
"1896","KMT2E-AS1"
"1897","RP11-416A14.1"
"1898","RPL5P34"
"1899","CAMK1"
"1900","S100A6"
"1901","DPAGT1"
"1902","RPL7L1P3"
"1903","LPGAT1"
"1904","GAREM2"
"1905","SIGLEC1"
"1906","AC006538.8"
"1907","RP11-178L8.7"
"1908","AC007950.2"
"1909","C20orf144"
"1910","CHSY1"
"1911","DUS4L"
"1912","CYP2W1"
"1913","LINC01398"
"1914","ECD"
"1915","ZNF969P"
"1916","RP11-363N22.3"
"1917","RP11-1197K16.2"
"1918","RPSAP18"
"1919","LINC01389"
"1920","RP1-179N16.6"
"1921","NME6"
"1922","CTC-550B14.7"
"1923","MFSD13B"
"1924","RP11-158H5.7"
"1925","RPL12P25"
"1926","RP1-159A19.3"
"1927","RP13-16H11.8"
"1928","CTD-3138B18.5"
"1929","RP11-806O11.1"
"1930","LINC01144"
"1931","CAGE1"
"1932","HM13-AS1"
"1933","PITPNA-AS1"
"1934","RP11-685M7.3"
"1935","C12orf76"
"1936","FUZ"
"1937","RP11-228M15.1"
"1938","RP11-326I11.5"
"1939","HMP19"
"1940","HIPK1"
"1941","RP11-157F20.3"
"1942","RP11-527J8.1"
"1943","LINC01011"
"1944","SDR42E2"
"1945","RP4-665N4.8"
"1946","LINC01137"
"1947","TMTC3"
"1948","MGRN1"
"1949","PANO1"
"1950","CTC-1337H24.3"
"1951","HEXIM2"
"1952","TMEM242"
"1953","CTD-2357A8.3"
"1954","ZNF658B"
"1955","ATOX1"
"1956","GDF9"
"1957","BOK"
"1958","RP11-368N21.5"
"1959","SOCS4"
"1960","RP4-580O19.2"
"1961","RP11-778D9.12"
"1962","TSC22D2"
"1963","DHRS4L1"
"1964","PSMC6"
"1965","CTC-499B15.5"
"1966","FXR2"
"1967","RP11-565A3.2"
"1968","FBXL2"
"1969","GNMT"
"1970","PRR34"
"1971","RP11-576I22.2"
"1972","RP1-197B17.7"
"1973","ROPN1L"
"1974","APTR"
"1975","RP11-386I23.1"
"1976","RP11-343H19.1"
"1977","RP11-818O24.3"
"1978","NKIRAS2"
"1979","RP11-93O14.2"
"1980","RP11-230F18.6"
"1981","AC062017.1"
"1982","UHRF2"
"1983","RP11-180C16.1"
"1984","WI2-89031B12.1"
"1985","RP5-1068E13.7"
"1986","RP11-195B17.1"
"1987","NIFK-AS1"
"1988","CTD-2235C13.3"
"1989","RP11-69M1.3"
"1990","RP11-131M11.3"
"1991","TMEM105"
"1992","AC004471.9"
"1993","RP11-180O5.2"
"1994","ITGAD"
"1995","HCG27"
"1996","RP11-872J21.3"
"1997","CLDN6"
"1998","MYO1F"
"1999","RP1-315G1.1"
"2000","AC245100.1"
"2001","RP13-188A5.1"
"2002","TBRG1"
"2003","RP11-326K13.4"
"2004","ZNF337-AS1"
"2005","CCT6P1"
"2006","FAM195A"
"2007","RP11-42I10.1"
"2008","TET2-AS1"
"2009","RP11-266L9.4"
"2010","SCAND1"
"2011","HNRNPA1P35"
"2012","AC093627.7"
"2013","AC024937.6"
"2014","IFT20"
"2015","TRG-AS1"
"2016","SLC5A2"
"2017","CYCSP24"
"2018","RP11-127I20.8"
"2019","RHD"
"2020","SLC35A4"
"2021","ARF4P2"
"2022","RP5-1182A14.7"
"2023","NEUROD2"
"2024","FBXO38"
"2025","C9orf173"
"2026","SFT2D2"
"2027","MIR5702"
"2028","CLPSL2"
"2029","TAF7L"
"2030","LINC01184"
"2031","RP11-513I15.6"
"2032","RP11-686G8.2"
"2033","NFYC-AS1"
"2034","CTD-2008P7.10"
"2035","UBR4"
"2036","RP5-908M14.10"
"2037","RP11-217B1.2"
"2038","ATPIF1"
"2039","RP3-324O17.8"
"2040","CSTF3-AS1"
"2041","PAXIP1-AS1"
"2042","EEF1E1P1"
"2043","RP11-28H5.2"
"2044","ROPN1B"
"2045","BCO2"
"2046","INPP5D"
"2047","POLG"
"2048","CTD-2651B20.3"
"2049","RP11-715J22.4"
"2050","ASPG"
"2051","GJC3"
"2052","CTA-445C9.14"
"2053","RP11-307C12.11"
"2054","RP11-371E8.4"
"2055","RPL23AP20"
"2056","MRPL13"
"2057","SNORD7"
"2058","RP11-279O9.4"
"2059","SPTY2D1-AS1"
"2060","C19orf33"
"2061","CTD-2287O16.5"
"2062","MCF2L-AS1"
"2063","RP4-616B8.5"
"2064","ZNF767P"
"2065","RP11-830F9.7"
"2066","HIST2H2BD"
"2067","AC007879.5"
"2068","ACAP1"
"2069","RP11-336K24.12"
"2070","C5orf34"
"2071","XPA"
"2072","CH17-189H20.1"
"2073","RP11-280G9.1"
"2074","AC142472.6"
"2075","RP5-836N17.4"
"2076","LINC00412"
"2077","OR7E126P"
"2078","KIAA1033"
"2079","ZNF101P2"
"2080","CTD-3138B18.6"
"2081","RP11-85A1.3"
"2082","NAA60"
"2083","LINC00242"
"2084","TNNT2"
"2085","KBTBD11-OT1"
"2086","ZNF321P"
"2087","CTD-2555A7.2"
"2088","SMPD3"
"2089","RNU6-1099P"
"2090","RP11-187A9.3"
"2091","RP11-304L19.3"
"2092","RP11-298I3.3"
"2093","PCOLCE-AS1"
"2094","RP11-972P1.10"
"2095","RALGAPB"
"2096","C16orf59"
"2097","RNU2-11P"
"2098","RP11-474G23.3"
"2099","SIRT1"
"2100","CTB-129P6.7"
"2101","RP11-545P7.9"
"2102","SOS1-IT1"
"2103","ABCF3"
"2104","RP11-359E3.4"
"2105","RP11-867G2.6"
"2106","RP11-442G21.2"
"2107","RP11-2C24.3"
"2108","B3GLCT"
"2109","MARCH10"
"2110","CTC-338M12.4"
"2111","INCA1"
"2112","RYK"
"2113","RP11-521C22.2"
"2114","RP11-37C7.3"
"2115","RP3-324O17.7"
"2116","C2orf68"
"2117","C3orf33"
"2118","SNORA77"
"2119","SLC11A1"
"2120","TTC30A"
"2121","PNRC2"
"2122","CTD-2562G15.3"
"2123","AC005786.3"
"2124","ZSWIM1"
"2125","RP5-884C9.2"
"2126","PDXDC1"
"2127","PI4KB"
"2128","CTB-171A8.1"
"2129","SAC3D1"
"2130","RP11-616K22.1"
"2131","RNF7"
"2132","HIST2H2BC"
"2133","RP11-850A17.1"
"2134","AC005775.2"
"2135","VPS13B"
"2136","RP11-45L9.1"
"2137","AGO1"
"2138","C15orf61"
"2139","RP5-907D15.4"
"2140","ZNF318"
"2141","RANGRF"
"2142","RP3-405J10.5"
"2143","KAT6B"
"2144","AP003068.18"
"2145","RP11-573D15.1"
"2146","XXbac-BPG299F13.17"
"2147","RP5-1180D12.1"
"2148","FAM110C"
"2149","RP11-883A18.3"
"2150","GYS2"
"2151","CTD-2017D11.2"
"2152","TMEM80"
"2153","RP11-17G12.2"
"2154","PXMP2"
"2155","RP5-858L17.1"
"2156","RP11-462D18.4"
"2157","RP11-353N14.3"
"2158","LRRC2-AS1"
"2159","NPHS1"
"2160","TOX4"
"2161","CTD-2571L23.8"
"2162","RP11-91P24.5"
"2163","ATP1A1-AS1"
"2164","RP11-504P24.9"
"2165","DCAF4"
"2166","RP1-267D11.6"
"2167","TMEM150A"
"2168","MANEA-AS1"
"2169","OSGEPL1-AS1"
"2170","RP11-96D1.10"
"2171","TTC34"
"2172","RNF103-CHMP3"
"2173","AC012442.5"
"2174","CTD-3252C9.4"
"2175","RP11-276H7.3"
"2176","SCRT1"
"2177","NPM1P9"
"2178","RP1-198K11.5"
"2179","SPATA41"
"2180","KCNK15-AS1"
"2181","DONSON"
"2182","SLC2A1-AS1"
"2183","SFT2D1"
"2184","RP11-573G6.4"
"2185","SPATA1"
"2186","DGAT1"
"2187","CACHD1"
"2188","TTC36"
"2189","RP1-292L20.3"
"2190","RP11-732A21.3"
"2191","RN7SL364P"
"2192","RP11-546J1.1"
"2193","FZD4"
"2194","ZNF764"
"2195","FABP3"
"2196","RP11-416N2.4"
"2197","RP11-156K13.1"
"2198","MFSD2B"
"2199","RP11-1C8.6"
"2200","SPC24"
"2201","RP11-686G8.1"
"2202","ZNF232"
"2203","TLE1"
"2204","ACTG1P24"
"2205","PCDHGB8P"
"2206","RP4-593H12.1"
"2207","THAP7-AS1"
"2208","AC072052.7"
"2209","RP13-895J2.6"
"2210","FLNB-AS1"
"2211","AC090616.2"
"2212","SIX3-AS1"
"2213","RP11-102L12.2"
"2214","RP5-965G21.4"
"2215","RP11-749I16.3"
"2216","STAP2"
"2217","RP11-223A3.1"
"2218","RP11-500M8.4"
"2219","ALOX12-AS1"
"2220","DIDO1"
"2221","GCSAM"
"2222","SGCA"
"2223","CTC-232P5.1"
"2224","FBXL16"
"2225","RMND5B"
"2226","LINC00896"
"2227","LINC01134"
"2228","FBXO36P1"
"2229","AC018816.3"
"2230","RP11-479O9.4"
"2231","AC009120.6"
"2232","CACNG8"
"2233","ZBED8"
"2234","CTD-2196E14.6"
"2235","RP11-739N20.2"
"2236","TMEM223"
"2237","PPP1R3B"
"2238","RP11-553A21.3"
"2239","RP11-219B4.5"
"2240","RP11-51J9.5"
"2241","GTSE1-AS1"
"2242","ADAT3"
"2243","RAB17"
"2244","ARID3C"
"2245","RP3-467K16.4"
"2246","MKL2"
"2247","RP11-124N19.3"
"2248","LL22NC03-80A10.6"
"2249","RP11-452L6.7"
"2250","ALG1L"
"2251","RP11-331F9.3"
"2252","TMEM116"
"2253","LCMT1-AS1"
"2254","CDH23"
"2255","RP11-373D23.2"
"2256","DNAJC18"
"2257","RP11-80H5.9"
"2258","EFHB"
"2259","Z97634.3"
"2260","RP11-91P24.7"
"2261","RP11-982M15.8"
"2262","FAM21EP"
"2263","RP11-486O12.2"
"2264","RP11-702L15.4"
"2265","RP11-146N23.1"
"2266","AC113189.5"
"2267","RP11-290D2.3"
"2268","PIK3CD-AS2"
"2269","RP5-997D16.2"
"2270","GS1-124K5.4"
"2271","RP11-57B24.1"
"2272","AC006116.17"
"2273","AFTPH"
"2274","RP9P"
"2275","RP11-295D4.1"
"2276","RP13-942N8.1"
"2277","SFXN5"
"2278","FRG1CP"
"2279","NAGLU"
"2280","TRIM80P"
"2281","DNM1"
"2282","RP11-503E24.2"
"2283","RP11-363J20.1"
"2284","RP11-81A1.6"
"2285","RP1-266L20.2"
"2286","RP11-83B20.1"
"2287","ZNF771"
"2288","RP11-649A18.12"
"2289","RP11-133K1.11"
"2290","CTD-2284J15.1"
"2291","AC002306.1"
"2292","SYCE1L"
"2293","PRR5"
"2294","RP11-68I3.10"
"2295","RP11-798M19.6"
"2296","AC010883.5"
"2297","CHURC1"
"2298","SEPT4-AS1"
"2299","KIAA0922"
"2300","PVRL3-AS1"
"2301","F8A1"
"2302","RP11-267M23.1"
"2303","RP11-93K22.13"
"2304","RP11-572O6.1"
"2305","RP11-932O9.7"
"2306","SPATA31A1"
"2307","NOTCH4"
"2308","AC253572.1"
"2309","RP11-83N9.5"
"2310","S100A3"
"2311","DNAJB13"
"2312","NDUFV2-AS1"
"2313","RIC8B"
"2314","RNU6-1201P"
"2315","TOPORS-AS1"
"2316","RP11-589N15.2"
"2317","RP11-21L23.2"
"2318","MTMR8"
"2319","AC011753.5"
"2320","RP11-539L10.3"
"2321","RP1-40E16.12"
"2322","RP11-298I3.4"
"2323","SCART1"
"2324","CDRT15P1"
"2325","FGF22"
"2326","AC007773.2"
"2327","NPM1P46"
"2328","RP11-1023L17.1"
"2329","URB1-AS1"
"2330","PHACTR2"
"2331","MNX1"
"2332","RP11-452G18.2"
"2333","LAMTOR4"
"2334","ALDOB"
"2335","CTB-129O4.1"
"2336","AC008697.1"
"2337","SNORA40"
"2338","CTC-205M6.1"
"2339","CTD-2012J19.3"
"2340","LINC01135"
"2341","FAM213B"
"2342","ZNF674-AS1"
"2343","DSTNP1"
"2344","RP11-16N11.2"
"2345","TXNDC16"
"2346","RP11-563J2.3"
"2347","RP3-402G11.26"
"2348","DNAJC19P5"
"2349","RP11-21K12.3"
"2350","C3orf20"
"2351","TOR1B"
"2352","PXMP4"
"2353","RP6-74O6.6"
"2354","AC068282.3"
"2355","CRHR2"
"2356","AC006077.3"
"2357","AADACL2-AS1"
"2358","CTB-179K24.3"
"2359","FAM20A"
"2360","KCNJ10"
"2361","MARCKSL1P1"
"2362","RP11-455F5.3"
"2363","RP11-363E6.4"
"2364","RP11-431K24.3"
"2365","PPP1R10"
"2366","RP11-572M11.4"
"2367","RP11-65J3.14"
"2368","RPL17P50"
"2369","CTA-204B4.2"
"2370","RP11-47I22.2"
"2371","MIR3180-1"
"2372","ZNF594"
"2373","RP3-426I6.6"
"2374","RP5-890E16.2"
"2375","CFAP100"
"2376","RP11-814H16.2"
"2377","HCG18"
"2378","ABCC11"
"2379","RP11-1094H24.4"
"2380","RP13-314C10.5"
"2381","CPB2"
"2382","RP11-629B11.5"
"2383","SCAMP1-AS1"
"2384","RP11-74E22.8"
"2385","RNF2P1"
"2386","RP11-347I19.8"
"2387","AC142528.1"
"2388","DUX4L50"
"2389","RP11-204L24.2"
"2390","RP11-334C17.6"
"2391","RP3-475N16.1"
"2392","SUZ12P1"
"2393","CECR5-AS1"
"2394","CTC-1337H24.4"
"2395","SPDYE5"
"2396","ARIH2OS"
"2397","RP11-466F5.8"
"2398","C11orf71"
"2399","COA3"
"2400","U47924.27"
"2401","ATP2A1-AS1"
"2402","RP11-466G12.2"
"2403","RP11-96C23.9"
"2404","SETP20"
"2405","RP11-415J8.7"
"2406","SLC41A3"
"2407","RAF1"
"2408","CTC-281F24.3"
"2409","RP11-97C16.1"
"2410","RP11-777F6.3"
"2411","RP11-474I11.8"
"2412","CTD-2514C3.1"
"2413","KIAA1147"
"2414","RAB33B"
"2415","RP11-770G2.2"
"2416","RP11-499O7.7"
"2417","IFNA20P"
"2418","RP5-827C21.4"
"2419","FAM200B"
"2420","RP11-358B23.6"
"2421","A2M-AS1"
"2422","HOTTIP"
"2423","EIF3J-AS1"
"2424","CELF5"
"2425","RP11-4B16.1"
"2426","AC008592.3"
"2427","RPL36AP43"
"2428","RP11-7F18.2"
"2429","LINC01006"
"2430","EPB41L4A-AS2"
"2431","RPL9P29"
"2432","RP11-320G10.1"
"2433","MT1X"
"2434","FAM81B"
"2435","RP11-582J16.5"
"2436","LANCL2"
"2437","PHKA2-AS1"
"2438","CTB-133G6.1"
"2439","AC005052.1"
"2440","BHLHB9"
"2441","ROCK1P1"
"2442","AC073063.10"
"2443","RPL32P3"
"2444","RP11-490M8.1"
"2445","MCCC1"
"2446","SPAG7"
"2447","RHBDD3"
"2448","MRPS36P2"
"2449","COMT"
"2450","RP11-398C13.6"
"2451","TSTD2"
"2452","TMUB1"
"2453","GJB1"
"2454","SMG7-AS1"
"2455","GUCY2D"
"2456","RP13-1032I1.7"
"2457","MTHFD2L"
"2458","RP11-229P13.25"
"2459","LRFN4"
"2460","RP11-104N10.1"
"2461","UFSP1"
"2462","CTD-2203K17.1"
"2463","SPACA6P-AS"
"2464","MIR103A2"
"2465","EZR-AS1"
"2466","RP11-486A14.1"
"2467","CTD-3014M21.1"
"2468","CTB-33G10.1"
"2469","KLHDC10"
"2470","AC145343.2"
"2471","POU3F2"
"2472","ACHE"
"2473","snoU13"
"2474","RP11-231N3.1"
"2475","B9D2"
"2476","AC016831.6"
"2477","RP11-677M14.3"
"2478","MRPL43"
"2479","RP11-574K11.24"
"2480","KHDC1"
"2481","RP11-11M20.4"
"2482","RP11-159H3.1"
"2483","MED22"
"2484","NUDT1"
"2485","CTD-2589M5.5"
"2486","RNU6-481P"
"2487","RP1-168L15.5"
"2488","CTB-40H15.4"
"2489","AC090810.1"
"2490","WDR5B"
"2491","RP11-707G18.1"
"2492","RBM23"
"2493","RP11-649E7.8"
"2494","C19orf45"
"2495","PCBP2-OT1"
"2496","GPR180"
"2497","ASCL5"
"2498","CTD-3113P16.11"
"2499","MTND5P28"
"2500","LINC00543"
"2501","MIF-AS1"
"2502","CDKL3"
"2503","RPS20P31"
"2504","AC019118.4"
"2505","SS18L2"
"2506","RP11-128N14.5"
"2507","RP11-127L20.3"
"2508","AC141586.5"
"2509","YAE1D1"
"2510","ZFPM2"
"2511","RP11-184A2.3"
"2512","KRT8P33"
"2513","AP000487.5"
"2514","TSTA3"
"2515","AP001619.2"
"2516","C2orf42"
"2517","C15orf40"
"2518","RP11-1055B8.9"
"2519","ARMCX5-GPRASP2"
"2520","RP11-111H13.1"
"2521","RP11-79O8.1"
"2522","FRG1JP"
"2523","RP11-481J2.4"
"2524","WDR11-AS1"
"2525","ALG1L6P"
"2526","RP11-326C3.11"
"2527","CTD-3074O7.5"
"2528","TRIM52"
"2529","CTD-2378E12.1"
"2530","RP1-309F20.3"
"2531","RP11-520H14.7"
"2532","EFCAB11"
"2533","WWOX"
"2534","RP1-224A6.9"
"2535","SMG5"
"2536","AP001462.6"
"2537","RP11-677M14.7"
"2538","CMIP"
"2539","ADPRHL2"
"2540","CHI3L2"
"2541","TTC9C"
"2542","CTDSP1"
"2543","TCERG1L-AS1"
"2544","KCNC3"
"2545","RP11-196G18.22"
"2546","MPP4"
"2547","FBXO46"
"2548","VWA3B"
"2549","KB-1732A1.1"
"2550","RNU6-50P"
"2551","RP11-893F2.18"
"2552","RP11-332H14.2"
"2553","STAG3L2"
"2554","SH2D7"
"2555","RPL7AP6"
"2556","C9orf147"
"2557","HEXA-AS1"
"2558","CUTA"
"2559","RP5-1056H1.2"
"2560","AGGF1P1"
"2561","RP11-568N6.1"
"2562","AC002117.1"
"2563","CCDC13-AS1"
"2564","FLT3"
"2565","RP5-905G11.3"
"2566","LL22NC01-81G9.3"
"2567","JADE2"
"2568","CTD-3051D23.4"
"2569","VKORC1"
"2570","RP11-513M16.8"
"2571","CHRNA7"
"2572","RNU6-856P"
"2573","METTL21B"
"2574","AC007038.7"
"2575","RP11-412D9.4"
"2576","CTD-2288F12.1"
"2577","RP11-1G11.2"
"2578","RP11-138H8.6"
"2579","MED11"
"2580","XXbac-BPG299F13.14"
"2581","ENO1-AS1"
"2582","CRYBB2P1"
"2583","NT5C2"
"2584","RP3-441A12.1"
"2585","RP11-17M16.2"
"2586","PTGES2-AS1"
"2587","CTF1"
"2588","RP11-261P13.6"
"2589","AL662800.1"
"2590","RP11-81A22.5"
"2591","C19orf71"
"2592","SPATA24"
"2593","CDAN1"
"2594","CECR7"
"2595","PCAT7"
"2596","SNORA15"
"2597","RP11-104L21.2"
"2598","CDADC1"
"2599","RP11-463O9.9"
"2600","STX11"
"2601","MED7"
"2602","TCTA"
"2603","MIAT"
"2604","ASB1"
"2605","VSTM2L"
"2606","N4BP2"
"2607","AP003774.4"
"2608","ID2-AS1"
"2609","CTD-2017D11.1"
"2610","RP11-185E8.2"
"2611","KRTAP2-4"
"2612","RP11-159D12.3"
"2613","NPIPB6"
"2614","RP11-817O13.8"
"2615","RP11-314A20.2"
"2616","LRTOMT"
"2617","MBLAC1"
"2618","RP11-55K13.1"
"2619","PTGR1"
"2620","RP1-80N2.4"
"2621","SMYD4"
"2622","MFSD14A"
"2623","LINC00467"
"2624","RP4-694B14.8"
"2625","PCDHGA11"
"2626","RNU6-834P"
"2627","MYLK-AS1"
"2628","PPP1R3E"
"2629","ACBD4"
"2630","PGS1"
"2631","RP4-777L9.2"
"2632","NFKBIA"
"2633","ZKSCAN7"
"2634","RP5-968P14.2"
"2635","RP11-417L19.4"
"2636","ZNF586"
"2637","PMS2P3"
"2638","RP11-596C23.2"
"2639","CTD-2529P6.4"
"2640","RP11-105N14.1"
"2641","HCG25"
"2642","RP11-6N17.4"
"2643","CTD-2262B20.1"
"2644","APC2"
"2645","C2orf48"
"2646","RP11-666A8.7"
"2647","ARRDC1-AS1"
"2648","TP53BP1"
"2649","NAT14"
"2650","RP11-14I17.1"
"2651","Six3os1_1"
"2652","PHACTR2P1"
"2653","TXLNA"
"2654","TSPAN10"
"2655","LINC00562"
"2656","FAM185BP"
"2657","AGBL5-IT1"
"2658","Six3os1_2"
"2659","THRB-AS1"
"2660","RNPC3"
"2661","RP4-760C5.3"
"2662","SNORD6"
"2663","RP11-152P23.2"
"2664","LAGE3P1"
"2665","TMPO-AS1"
"2666","PAN3-AS1"
"2667","RP11-432J22.2"
"2668","FAM107B"
"2669","RP11-133K1.9"
"2670","LA16c-306A4.2"
"2671","RNF25"
"2672","TTC39C-AS1"
"2673","RP11-484K9.4"
"2674","CSNK1G2"
"2675","TSSK6"
"2676","RP11-351I24.1"
"2677","SHD"
"2678","SNAI3-AS1"
"2679","MED15P9"
"2680","ZFC3H1"
"2681","AC090154.1"
"2682","STK38L"
"2683","YTHDF3-AS1"
"2684","LA16c-358B7.4"
"2685","RP11-1017G21.5"
"2686","CTD-2033A16.3"
"2687","RP5-827C21.2"
"2688","RP11-756P10.6"
"2689","RP11-599B13.8"
"2690","CTD-2366F13.1"
"2691","NLRP5"
"2692","RP11-83A24.2"
"2693","RP11-676J12.7"
"2694","ERCC3"
"2695","XXbac-B135H6.15"
"2696","RP11-888D10.4"
"2697","RP11-554A11.9"
"2698","PLPPR2"
"2699","COX5BP6"
"2700","HELQ"
"2701","ZBTB10"
"2702","RNU6-945P"
"2703","TCEB2"
"2704","RP4-655J12.4"
"2705","RAD17"
"2706","RP11-396C23.2"
"2707","EFCAB12"
"2708","PTK2"
"2709","AC009955.8"
"2710","SLC6A13"
"2711","C1orf195"
"2712","RP5-1157M23.2"
"2713","RP11-615I2.2"
"2714","NUP50-AS1"
"2715","LLNLR-246C6.1"
"2716","ARFGEF1"
"2717","MIR200B"
"2718","GABPB1"
"2719","RP11-368I7.6"
"2720","FOXJ1"
"2721","ZBED6CL"
"2722","RP3-508I15.20"
"2723","RP11-173B14.4"
"2724","JTB"
"2725","TNKS"
"2726","ADH5"
"2727","DNAJC13"
"2728","ST13P12"
"2729","CTD-3131K8.3"
"2730","AC109829.1"
"2731","RP11-425A23.1"
"2732","NRN1"
"2733","MIR3936"
"2734","DNAJB14"
"2735","CPNE9"
"2736","RAB30-AS1"
"2737","RP5-1092A3.4"
"2738","NRDC"
"2739","BLOC1S4"
"2740","RP11-177G23.2"
"2741","NBPF1"
"2742","CAPN10-AS1"
"2743","TLR9"
"2744","RP11-141B14.1"
"2745","RN7SL832P"
"2746","TMC3-AS1"
"2747","TUBBP5"
"2748","AC144652.1"
"2749","RP11-217E13.1"
"2750","RP11-119B16.2"
"2751","LINC00969"
"2752","GDF7"
"2753","RP5-1112D6.8"
"2754","RP11-490O6.2"
"2755","CSPG4P12"
"2756","KCNK7"
"2757","RP3-465N24.6"
"2758","EGFR-AS1"
"2759","SLC52A1"
"2760","AFF1"
"2761","CTD-2302E22.4"
"2762","GOLGA8H"
"2763","C9orf173-AS1"
"2764","RP11-110I1.5"
"2765","LL0XNC01-7P3.1"
"2766","ANKRD16"
"2767","TBC1D22B"
"2768","RIC8A"
"2769","RP11-399K21.14"
"2770","RP11-188D8.1"
"2771","AC068831.16"
"2772","NFKBID"
"2773","CTB-58E17.1"
"2774","RP11-206L10.8"
"2775","SCUBE3"
"2776","TMSB4XP4"
"2777","AC073043.1"
"2778","RP11-708J19.1"
"2779","ZNF212"
"2780","ZNF785"
"2781","AMDHD2"
"2782","PRKAB1"
"2783","RP11-203H19.2"
"2784","GABPB2"
"2785","RP11-12A20.7"
"2786","PLCXD1"
"2787","SLC8A2"
"2788","ZMYND10"
"2789","MTRNR2L8"
"2790","CTD-2145A24.5"
"2791","RP11-57G10.8"
"2792","LINC00863"
"2793","GDPGP1"
"2794","RNU6-45P"
"2795","CES2"
"2796","S1PR5"
"2797","RP11-112J3.16"
"2798","RP11-152N13.5"
"2799","RP11-254F7.4"
"2800","RNU6-880P"
"2801","ST3GAL2"
"2802","KIAA1468"
"2803","RP11-41O4.2"
"2804","RP1-170O19.14"
"2805","TEX22"
"2806","CTD-2270P14.1"
"2807","RP11-799D4.4"
"2808","RNY4P36"
"2809","RP11-388M20.1"
"2810","RP11-802D6.1"
"2811","TAOK1"
"2812","RP11-161M6.6"
"2813","RP11-390F4.6"
"2814","TRIM3"
"2815","ERCC6"
"2816","RPL3L"
"2817","ALG1L10P"
"2818","C2orf16"
"2819","RP11-214K3.20"
"2820","RP11-106D4.2"
"2821","SNORA2"
"2822","RP11-319G6.1"
"2823","LL09NC01-251B2.3"
"2824","TMEM161B-AS1"
"2825","CDK5R1"
"2826","RP11-160E2.6"
"2827","CH17-472G23.4"
"2828","PPP1R14BP3"
"2829","CHM"
"2830","SIDT2"
"2831","AC005786.6"
"2832","RP11-324E6.10"
"2833","RP11-387H17.4"
"2834","RP4-697K14.15"
"2835","RP11-66N11.8"
"2836","AC137932.4"
"2837","METTL5"
"2838","SDHAF4"
"2839","C1QTNF8"
"2840","RP13-516M14.4"
"2841","RP11-1024P17.1"
"2842","CDC42EP5"
"2843","CDC37L1-AS1"
"2844","ST3GAL1P1"
"2845","FAM83C-AS1"
"2846","RP11-353K11.1"
"2847","RP11-225H22.4"
"2848","CTC-453G23.7"
"2849","RP11-589P10.5"
"2850","RP11-626G11.1"
"2851","EBI3"
"2852","AC058791.1"
"2853","RP4-631H13.6"
"2854","DSTYK"
"2855","CH17-258A22.4"
"2856","RNY1P9"
"2857","MRPL23-AS1"
"2858","GPR61"
"2859","CTD-2186M15.3"
"2860","CTC-444N24.6"
"2861","RP11-448A19.1"
"2862","U1"
"2863","ADRA2B"
"2864","C7orf55"
"2865","RP13-122B23.8"
"2866","DEPDC4"
"2867","UBR5-AS1"
"2868","RSPH9"
"2869","SERPINE3"
"2870","AC062029.1"
"2871","FLJ38576"
"2872","VN1R84P"
"2873","PROC"
"2874","RP5-1065J22.8"
"2875","OSER1-AS1"
"2876","RP11-213G2.3"
"2877","RP11-120E11.2"
"2878","RP11-634H22.1"
"2879","DOCK9-AS2"
"2880","COX16"
"2881","AC074117.10"
"2882","AC027612.6"
"2883","C4orf27"
"2884","ZBTB3"
"2885","RP11-69M1.8"
"2886","ZNF660"
"2887","C1orf216"
"2888","SPPL3"
"2889","C2orf88"
"2890","THUMPD3-AS1"
"2891","HMGA1P5"
"2892","SDHAF2"
"2893","AL022341.3"
"2894","LINC00943"
"2895","HILPDA"
"2896","GATA2-AS1"
"2897","NAP1L4P1"
"2898","RP11-327P2.5"
"2899","PRR34-AS1"
"2900","RP11-126O1.5"
"2901","RP11-230F18.5"
"2902","CTD-2165H16.4"
"2903","SNHG9"
"2904","ARL17B"
"2905","PPM1J"
"2906","RP11-299J3.6"
"2907","CTA-313A17.2"
"2908","DUSP23"
"2909","RP1-199J3.7"
"2910","DNAJC12"
"2911","CTD-2561B21.10"
"2912","RP11-528I4.2"
"2913","CTD-3222D19.12"
"2914","SPATA33"
"2915","CEBPA-AS1"
"2916","C9orf41-AS1"
"2917","RP1-234P15.4"
"2918","LINC00235"
"2919","RP11-271K21.12"
"2920","STRIP1"
"2921","AC112497.1"
"2922","RP11-505K9.1"
"2923","RORA"
"2924","AC022007.5"
"2925","RP11-709A23.2"
"2926","RP4-756H11.3"
"2927","HIST1H4E"
"2928","RP11-34F20.7"
"2929","SLC16A6P1"
"2930","RP11-432I5.2"
"2931","ARFGEF2"
"2932","RP11-530N7.2"
"2933","RP11-1348G14.5"
"2934","SWSAP1"
"2935","NFKBIL1"
"2936","RP11-312B8.1"
"2937","AC004076.7"
"2938","RP11-326I11.3"
"2939","MIEN1"
"2940","BUD13P1"
"2941","ADCY5"
"2942","RP1-29C18.10"
"2943","RP11-347C12.3"
"2944","DNASE1L1"
"2945","RP11-276H7.2"
"2946","RP11-96O20.5"
"2947","RN7SL812P"
"2948","DLGAP1-AS2"
"2949","RP11-140K17.3"
"2950","ZNF782"
"2951","PIANP"
"2952","LINC01560"
"2953","ZNF607"
"2954","FBXL15"
"2955","MTSS1L"
"2956","RP11-57A19.2"
"2957","XIAP-AS1"
"2958","RP11-474P2.6"
"2959","RP11-304L19.11"
"2960","HIST1H4J"
"2961","HNRNPA1P48"
"2962","RP5-884G6.2"
"2963","SLC25A5P5"
"2964","RP5-855D21.3"
"2965","RNA5SP37"
"2966","TIGD1"
"2967","RP11-441O15.3"
"2968","TRIM52-AS1"
"2969","CTD-2527I21.15"
"2970","RP5-994D16.3"
"2971","RP11-85G18.6"
"2972","RP5-837J1.4"
"2973","LCNL1"
"2974","FGF11"
"2975","AP000255.6"
"2976","OPN1SW"
"2977","RP11-500C11.3"
"2978","RP11-288C18.1"
"2979","RP5-943J3.2"
"2980","RP11-118M9.3"
"2981","RP11-112L6.3"
"2982","C10orf111"
"2983","RP5-1028K7.2"
"2984","LINC00887"
"2985","NCOA7"
"2986","CCDC158"
"2987","AC002310.10"
"2988","ITGAV"
"2989","RP11-282K24.3"
"2990","RP11-687F6.5"
"2991","RP11-299H21.1"
"2992","CTB-133G6.2"
"2993","RP11-778D9.13"
"2994","SNORA11"
"2995","ATP6V1G2"
"2996","RUNDC1"
"2997","RNU6-722P"
"2998","AGBL5"
"2999","TMEM208"
"3000","KDM4A-AS1"
"3001","CRYBG3"
"3002","RP11-214J9.1"
"3003","AP003774.1"
"3004","AC098820.3"
"3005","RP11-2H3.6"
"3006","BSN"
"3007","RP11-50D9.3"
"3008","FAM110D"
"3009","RP11-342M1.3"
"3010","COX19"
"3011","PPP1R13B"
"3012","C9orf24"
"3013","ZNF197-AS1"
"3014","ZBTB20"
"3015","CTD-2248H3.1"
"3016","RP11-326C3.7"
"3017","CTB-129P6.4"
"3018","LINC01271"
"3019","SMC2-AS1"
"3020","RBMXP2"
"3021","FAM184B"
"3022","SNX29P1"
"3023","CAHM"
"3024","AP000640.10"
"3025","THAP6"
"3026","AP000251.3"
"3027","DDIT4L"
"3028","FBLL1"
"3029","C19orf52"
"3030","HNRNPA3P6"
"3031","RP11-616M22.11"
"3032","RP11-372B4.3"
"3033","DNLZ"
"3034","AC093388.3"
"3035","TMEM9B-AS1"
"3036","FLJ37453"
"3037","MIR4482"
"3038","RP11-394O4.5"
"3039","FLJ31356"
"3040","MORF4L2-AS1"
"3041","CFDP1"
"3042","RP11-395B7.2"
"3043","TMEM43"
"3044","TAB1"
"3045","RP11-456P18.2"
"3046","ZNF671"
"3047","FTLP12"
"3048","AC069513.4"
"3049","SPON2"
"3050","CYP51A1P2"
"3051","RP11-968A15.8"
"3052","CTD-2555K7.2"
"3053","RP1-221C16.8"
"3054","FRG1GP"
"3055","ANKRD54"
"3056","RP11-439C15.5"
"3057","CTD-2012J19.1"
"3058","CTD-2331H12.7"
"3059","CTD-2035E11.5"
"3060","RP11-977B10.2"
"3061","LINC00476"
"3062","MOAP1"
"3063","RP11-54D18.4"
"3064","HMSD"
"3065","MMP24-AS1"
"3066","AC241377.2"
"3067","POC1B-GALNT4"
"3068","CEBPB-AS1"
"3069","RP11-18H7.1"
"3070","C1orf229"
"3071","POLK"
"3072","RP11-73M7.6"
"3073","RP11-982M15.6"
"3074","FDX1"
"3075","AP006621.6"
"3076","RP3-426I6.2"
"3077","LINC01465"
"3078","CTD-2561B21.8"
"3079","C6orf183"
"3080","IFT52"
"3081","RP11-22A3.2"
"3082","HERC1"
"3083","GGCX"
"3084","RP11-631N16.4"
"3085","RP11-120K18.2"
"3086","ACYP1"
"3087","SLC26A3"
"3088","RP11-57H14.2"
"3089","RP11-131L12.2"
"3090","DNAH2"
"3091","RP11-705O1.8"
"3092","KLHDC3"
"3093","NARFL"
"3094","RP1-178F10.1"
"3095","R3HCC1L"
"3096","AC105760.2"
"3097","RP11-339B21.10"
"3098","RP11-690I21.2"
"3099","RP11-98D18.9"
"3100","RP11-305K5.1"
"3101","RP11-495P10.1"
"3102","AC062028.1"
"3103","RP11-110G21.1"
"3104","RP11-775C24.5"
"3105","ANKRD39"
"3106","MIR2052HG"
"3107","ZNF252P-AS1"
"3108","CTA-217C2.2"
"3109","ANKRD61"
"3110","PEX11B"
"3111","RP11-379F4.4"
"3112","B3GNT4"
"3113","CTD-2314G24.2"
"3114","SLC13A5"
"3115","ZNF217"
"3116","SYT3"
"3117","RP4-545C24.1"
"3118","RP11-421E14.2"
"3119","RP11-530A18.1"
"3120","TCEA1P4"
"3121","CTD-2083E4.4"
"3122","RP11-137H2.4"
"3123","CTD-2349P21.9"
"3124","RP1-102E24.8"
"3125","XXbac-B476C20.9"
"3126","TSHZ2"
"3127","RP11-18H21.1"
"3128","RP11-666A8.12"
"3129","RP11-425D10.10"
"3130","COG6"
"3131","HMGB2P1"
"3132","RP11-230B22.1"
"3133","CNNM4"
"3134","RP11-676J12.4"
"3135","AP000560.3"
"3136","KRTAP4-7"
"3137","AC115617.2"
"3138","CTD-2325M2.1"
"3139","CNOT3"
"3140","OPLAH"
"3141","GFPT2"
"3142","GBX2"
"3143","RP11-498P14.5"
"3144","LINC00539"
"3145","AP006621.5"
"3146","VSIG8"
"3147","DUSP12"
"3148","RP5-1147A1.2"
"3149","AL355480.1"
"3150","SMCO3"
"3151","HCG16"
"3152","VAC14-AS1"
"3153","CETN4P"
"3154","RAB40AL"
"3155","GAPDHP62"
"3156","CTA-29F11.1"
"3157","RP11-550I24.2"
"3158","KRTAP2-5P"
"3159","PP7080"
"3160","RP11-161H23.10"
"3161","RP11-304L19.1"
"3162","RP11-10A14.9"
"3163","KB-1980E6.2"
"3164","RP11-552F3.4"
"3165","CTB-60B18.12"
"3166","RP11-79P5.9"
"3167","RP3-323P24.3"
"3168","RP11-214K3.19"
"3169","RP4-563E14.1"
"3170","RPL36AL"
"3171","PTP4A2P1"
"3172","KIAA2026"
"3173","MAP2K7"
"3174","AP003068.23"
"3175","RP11-950C14.7"
"3176","RP13-270P17.2"
"3177","RP11-138H8.8"
"3178","RP11-504P24.3"
"3179","HIST3H2BB"
"3180","MFN1"
"3181","CDKL2"
"3182","AC145676.2"
"3183","STAG3L4"
"3184","CTA-228A9.4"
"3185","RP11-848P1.5"
"3186","RABGEF1"
"3187","PRKAA1"
"3188","RP11-163E9.2"
"3189","ACSM4"
"3190","RP11-214O1.2"
"3191","LENG8-AS1"
"3192","GLIS2"
"3193","RP11-428K3.1"
"3194","AC093627.9"
"3195","RP11-136K14.1"
"3196","Y_RNA"
"3197","AMZ1"
"3198","AC008746.5"
"3199","RP11-490B18.6"
"3200","AC115522.3"
"3201","RP11-93H24.3"
"3202","PHLPP2"
"3203","LA16c-329F2.1"
"3204","RPS3AP54"
"3205","AC009120.11"
"3206","FUT11"
"3207","CTB-129P6.11"
"3208","RP11-565F19.2"
"3209","RP11-73M18.10"
"3210","RP11-510M2.2"
"3211","SRSF12"
"3212","RP11-278C7.5"
"3213","RP11-815I9.4"
"3214","RP4-561L24.3"
"3215","WWTR1-AS1"
"3216","RP1-8B1.4"
"3217","CLUHP3"
"3218","RP11-133K1.12"
"3219","C5orf24"
"3220","SPIN3"
"3221","RP11-484D2.3"
"3222","AATK"
"3223","LYRM5"
"3224","CTB-25B13.12"
"3225","CTB-46B19.2"
"3226","LOX"
"3227","BPGM"
"3228","TTC23L"
"3229","AC009005.2"
"3230","AC004893.11"
"3231","IRF2BP1"
"3232","CTD-2010I16.1"
"3233","RP4-816N1.6"
"3234","KCNC1"
"3235","TIGD7"
"3236","RP11-932O9.10"
"3237","SMIM4"
"3238","FOXCUT"
"3239","PAX9"
"3240","LINC01219"
"3241","RP11-321F8.4"
"3242","RP11-104O19.4"
"3243","RWDD4P1"
"3244","AC006277.3"
"3245","ADGRD2"
"3246","CTC-534A2.2"
"3247","SEPT7P2"
"3248","LINC00482"
"3249","RP11-229D13.3"
"3250","FBXL22"
"3251","IGHMBP2"
"3252","LINC01351"
"3253","SP9"
"3254","SNX33"
"3255","RP3-388N13.5"
"3256","ZSCAN16-AS1"
"3257","YWHAB"
"3258","CTD-2278I10.4"
"3259","CTD-2134A5.4"
"3260","C1orf100"
"3261","RP11-728G15.1"
"3262","RP11-214K3.21"
"3263","ZNF546"
"3264","GLUD1P3"
"3265","RP11-511H23.2"
"3266","ADAMTS4"
"3267","VPS28"
"3268","AC013472.3"
"3269","TICAM2"
"3270","KANSL1-AS1"
"3271","MIR7111"
"3272","RP11-74J13.8"
"3273","ZNF436-AS1"
"3274","TMEM200B"
"3275","RP11-7O11.3"
"3276","CTC-241N9.1"
"3277","ZNF271P"
"3278","RP5-1116H23.5"
"3279","HIPK1-AS1"
"3280","PPM1M"
"3281","PHYHIP"
"3282","MIR23A"
"3283","RP11-276E15.4"
"3284","AC008746.12"
"3285","RP11-567F11.1"
"3286","UBE2Q2L"
"3287","ZNF602P"
"3288","CH507-145C22.1"
"3289","C14orf169"
"3290","RP11-108L7.14"
"3291","TMEM92-AS1"
"3292","RP11-286N22.8"
"3293","MYO16"
"3294","CTC-550B14.6"
"3295","NPIPA7"
"3296","ISY1"
"3297","RP11-266K4.9"
"3298","MPLKIP"
"3299","CTD-2530N21.4"
"3300","RP11-301O19.1"
"3301","RP11-218M22.1"
"3302","UBE2D1"
"3303","FAM27E3"
"3304","RP5-940J5.3"
"3305","DAXX"
"3306","ZNF576"
"3307","AP000697.6"
"3308","RP11-141C7.3"
"3309","EMC4"
"3310","SAXO2"
"3311","EXOC3-AS1"
"3312","JARID2-AS1"
"3313","CH17-260O16.1"
"3314","ARHGAP31-AS1"
"3315","M1AP"
"3316","SNAPIN"
"3317","CCL3L3"
"3318","AC138744.2"
"3319","RP11-473O4.5"
"3320","LOXL3"
"3321","PLD4"
"3322","PFKFB4"
"3323","SETD5"
"3324","RBBP8NL"
"3325","AC096574.4"
"3326","RP11-767C1.2"
"3327","FAM109B"
"3328","TMEM79"
"3329","ZMYM4"
"3330","IL18R1"
"3331","SMG9"
"3332","NFATC2"
"3333","RP11-273G15.2"
"3334","RP11-5O17.1"
"3335","RP11-485M7.2"
"3336","RP5-1112D6.7"
"3337","NF1"
"3338","TSEN54"
"3339","CTD-2358C21.5"
"3340","APBA3"
"3341","RP4-798A10.2"
"3342","RP11-1000B6.2"
"3343","C1orf220"
"3344","FO538757.3"
"3345","RP11-108M9.6"
"3346","RP11-89F3.2"
"3347","RXFP4"
"3348","SEPT14P12"
"3349","IL24"
"3350","RP11-1057B6.1"
"3351","RP11-725P16.2"
"3352","AC009502.1"
"3353","AC097713.4"
"3354","RP11-305O4.3"
"3355","ENPP7P9"
"3356","CTD-2083E4.6"
"3357","RN7SL153P"
"3358","CTD-2376I4.2"
"3359","PCDHB4"
"3360","HMMR-AS1"
"3361","KIF25"
"3362","RP4-733B9.1"
"3363","HSFX1"
"3364","AC145110.1"
"3365","RNU6ATAC8P"
"3366","RP11-3J10.7"
"3367","RP11-736K20.6"
"3368","MMP1"
"3369","RP11-414H17.5"
"3370","RP11-406H21.2"
"3371","RP11-57C13.6"
"3372","AC021037.2"
"3373","RP11-370I10.11"
"3374","RNU6-199P"
"3375","SMAD9-IT1"
"3376","RP11-382A20.7"
"3377","RP11-346C20.4"
"3378","RP11-490B18.5"
"3379","RP11-81K2.1"
"3380","RP11-180P8.3"
"3381","RP11-1055B8.10"
"3382","FAM182B"
"3383","CTD-2540B15.9"
"3384","CTD-2525I3.3"
"3385","AP000351.3"
"3386","RP1-149A16.3"
"3387","APOL5"
